1 BASIC SELECT

SQL> SELECT last_name, job_id, salary AS Sal
  2    FROM employees;

LAST_NAME                 JOB_ID            SAL                                 
------------------------- ---------- ----------                                 
King                      AD_PRES         24000                                 
Kochhar                   AD_VP           17000                                 
De Haan                   AD_VP           17000                                 
Hunold                    IT_PROG          9000                                 
Ernst                     IT_PROG          6000                                 
Austin                    IT_PROG          4800                                 
Pataballa                 IT_PROG          4800                                 
Lorentz                   IT_PROG          4200                                 
Greenberg                 FI_MGR          12008                                 
Faviet                    FI_ACCOUNT       9000                                 
Chen                      FI_ACCOUNT       8200                                 

LAST_NAME                 JOB_ID            SAL                                 
------------------------- ---------- ----------                                 
Sciarra                   FI_ACCOUNT       7700                                 
Urman                     FI_ACCOUNT       7800                                 
Popp                      FI_ACCOUNT       6900                                 
Raphaely                  PU_MAN          11000                                 
Khoo                      PU_CLERK         3100                                 
Baida                     PU_CLERK         2900                                 
Tobias                    PU_CLERK         2800                                 
Himuro                    PU_CLERK         2600                                 
Colmenares                PU_CLERK         2500                                 
Weiss                     ST_MAN           8000                                 
Fripp                     ST_MAN           8200                                 

LAST_NAME                 JOB_ID            SAL                                 
------------------------- ---------- ----------                                 
Kaufling                  ST_MAN           7900                                 
Vollman                   ST_MAN           6500                                 
Mourgos                   ST_MAN           5800                                 
Nayer                     ST_CLERK         3200                                 
Mikkilineni               ST_CLERK         2700                                 
Landry                    ST_CLERK         2400                                 
Markle                    ST_CLERK         2200                                 
Bissot                    ST_CLERK         3300                                 
Atkinson                  ST_CLERK         2800                                 
Marlow                    ST_CLERK         2500                                 
Olson                     ST_CLERK         2100                                 

LAST_NAME                 JOB_ID            SAL                                 
------------------------- ---------- ----------                                 
Mallin                    ST_CLERK         3300                                 
Rogers                    ST_CLERK         2900                                 
Gee                       ST_CLERK         2400                                 
Philtanker                ST_CLERK         2200                                 
Ladwig                    ST_CLERK         3600                                 
Stiles                    ST_CLERK         3200                                 
Seo                       ST_CLERK         2700                                 
Patel                     ST_CLERK         2500                                 
Rajs                      ST_CLERK         3500                                 
Davies                    ST_CLERK         3100                                 
Matos                     ST_CLERK         2600                                 

LAST_NAME                 JOB_ID            SAL                                 
------------------------- ---------- ----------                                 
Vargas                    ST_CLERK         2500                                 
Russell                   SA_MAN          14000                                 
Partners                  SA_MAN          13500                                 
Errazuriz                 SA_MAN          12000                                 
Cambrault                 SA_MAN          11000                                 
Zlotkey                   SA_MAN          10500                                 
Tucker                    SA_REP          10000                                 
Bernstein                 SA_REP           9500                                 
Hall                      SA_REP           9000                                 
Olsen                     SA_REP           8000                                 
Cambrault                 SA_REP           7500                                 

LAST_NAME                 JOB_ID            SAL                                 
------------------------- ---------- ----------                                 
Tuvault                   SA_REP           7000                                 
King                      SA_REP          10000                                 
Sully                     SA_REP           9500                                 
McEwen                    SA_REP           9000                                 
Smith                     SA_REP           8000                                 
Doran                     SA_REP           7500                                 
Sewall                    SA_REP           7000                                 
Vishney                   SA_REP          10500                                 
Greene                    SA_REP           9500                                 
Marvins                   SA_REP           7200                                 
Lee                       SA_REP           6800                                 

LAST_NAME                 JOB_ID            SAL                                 
------------------------- ---------- ----------                                 
Ande                      SA_REP           6400                                 
Banda                     SA_REP           6200                                 
Ozer                      SA_REP          11500                                 
Bloom                     SA_REP          10000                                 
Fox                       SA_REP           9600                                 
Smith                     SA_REP           7400                                 
Bates                     SA_REP           7300                                 
Kumar                     SA_REP           6100                                 
Abel                      SA_REP          11000                                 
Hutton                    SA_REP           8800                                 
Taylor                    SA_REP           8600                                 

LAST_NAME                 JOB_ID            SAL                                 
------------------------- ---------- ----------                                 
Livingston                SA_REP           8400                                 
Grant                     SA_REP           7000                                 
Johnson                   SA_REP           6200                                 
Taylor                    SH_CLERK         3200                                 
Fleaur                    SH_CLERK         3100                                 
Sullivan                  SH_CLERK         2500                                 
Geoni                     SH_CLERK         2800                                 
Sarchand                  SH_CLERK         4200                                 
Bull                      SH_CLERK         4100                                 
Dellinger                 SH_CLERK         3400                                 
Cabrio                    SH_CLERK         3000                                 

LAST_NAME                 JOB_ID            SAL                                 
------------------------- ---------- ----------                                 
Chung                     SH_CLERK         3800                                 
Dilly                     SH_CLERK         3600                                 
Gates                     SH_CLERK         2900                                 
Perkins                   SH_CLERK         2500                                 
Bell                      SH_CLERK         4000                                 
Everett                   SH_CLERK         3900                                 
McCain                    SH_CLERK         3200                                 
Jones                     SH_CLERK         2800                                 
Walsh                     SH_CLERK         3100                                 
Feeney                    SH_CLERK         3000                                 
OConnell                  SH_CLERK         2600                                 

LAST_NAME                 JOB_ID            SAL                                 
------------------------- ---------- ----------                                 
Grant                     SH_CLERK         2600                                 
Whalen                    AD_ASST          4400                                 
Hartstein                 MK_MAN          13000                                 
Fay                       MK_REP           6000                                 
Mavris                    HR_REP           6500                                 
Baer                      PR_REP          10000                                 
Higgins                   AC_MGR          12008                                 
Gietz                     AC_ACCOUNT       8300                                 

107 rows selected.

SQL> select employee_id, last_name,job_id,hire_date as "Start_date"
  2   from employees;

EMPLOYEE_ID LAST_NAME                 JOB_ID     Start_dat                      
----------- ------------------------- ---------- ---------                      
        100 King                      AD_PRES    17-JUN-03                      
        101 Kochhar                   AD_VP      21-SEP-05                      
        102 De Haan                   AD_VP      13-JAN-01                      
        103 Hunold                    IT_PROG    03-JAN-06                      
        104 Ernst                     IT_PROG    21-MAY-07                      
        105 Austin                    IT_PROG    25-JUN-05                      
        106 Pataballa                 IT_PROG    05-FEB-06                      
        107 Lorentz                   IT_PROG    07-FEB-07                      
        108 Greenberg                 FI_MGR     17-AUG-02                      
        109 Faviet                    FI_ACCOUNT 16-AUG-02                      
        110 Chen                      FI_ACCOUNT 28-SEP-05                      

EMPLOYEE_ID LAST_NAME                 JOB_ID     Start_dat                      
----------- ------------------------- ---------- ---------                      
        111 Sciarra                   FI_ACCOUNT 30-SEP-05                      
        112 Urman                     FI_ACCOUNT 07-MAR-06                      
        113 Popp                      FI_ACCOUNT 07-DEC-07                      
        114 Raphaely                  PU_MAN     07-DEC-02                      
        115 Khoo                      PU_CLERK   18-MAY-03                      
        116 Baida                     PU_CLERK   24-DEC-05                      
        117 Tobias                    PU_CLERK   24-JUL-05                      
        118 Himuro                    PU_CLERK   15-NOV-06                      
        119 Colmenares                PU_CLERK   10-AUG-07                      
        120 Weiss                     ST_MAN     18-JUL-04                      
        121 Fripp                     ST_MAN     10-APR-05                      

EMPLOYEE_ID LAST_NAME                 JOB_ID     Start_dat                      
----------- ------------------------- ---------- ---------                      
        122 Kaufling                  ST_MAN     01-MAY-03                      
        123 Vollman                   ST_MAN     10-OCT-05                      
        124 Mourgos                   ST_MAN     16-NOV-07                      
        125 Nayer                     ST_CLERK   16-JUL-05                      
        126 Mikkilineni               ST_CLERK   28-SEP-06                      
        127 Landry                    ST_CLERK   14-JAN-07                      
        128 Markle                    ST_CLERK   08-MAR-08                      
        129 Bissot                    ST_CLERK   20-AUG-05                      
        130 Atkinson                  ST_CLERK   30-OCT-05                      
        131 Marlow                    ST_CLERK   16-FEB-05                      
        132 Olson                     ST_CLERK   10-APR-07                      

EMPLOYEE_ID LAST_NAME                 JOB_ID     Start_dat                      
----------- ------------------------- ---------- ---------                      
        133 Mallin                    ST_CLERK   14-JUN-04                      
        134 Rogers                    ST_CLERK   26-AUG-06                      
        135 Gee                       ST_CLERK   12-DEC-07                      
        136 Philtanker                ST_CLERK   06-FEB-08                      
        137 Ladwig                    ST_CLERK   14-JUL-03                      
        138 Stiles                    ST_CLERK   26-OCT-05                      
        139 Seo                       ST_CLERK   12-FEB-06                      
        140 Patel                     ST_CLERK   06-APR-06                      
        141 Rajs                      ST_CLERK   17-OCT-03                      
        142 Davies                    ST_CLERK   29-JAN-05                      
        143 Matos                     ST_CLERK   15-MAR-06                      

EMPLOYEE_ID LAST_NAME                 JOB_ID     Start_dat                      
----------- ------------------------- ---------- ---------                      
        144 Vargas                    ST_CLERK   09-JUL-06                      
        145 Russell                   SA_MAN     01-OCT-04                      
        146 Partners                  SA_MAN     05-JAN-05                      
        147 Errazuriz                 SA_MAN     10-MAR-05                      
        148 Cambrault                 SA_MAN     15-OCT-07                      
        149 Zlotkey                   SA_MAN     29-JAN-08                      
        150 Tucker                    SA_REP     30-JAN-05                      
        151 Bernstein                 SA_REP     24-MAR-05                      
        152 Hall                      SA_REP     20-AUG-05                      
        153 Olsen                     SA_REP     30-MAR-06                      
        154 Cambrault                 SA_REP     09-DEC-06                      

EMPLOYEE_ID LAST_NAME                 JOB_ID     Start_dat                      
----------- ------------------------- ---------- ---------                      
        155 Tuvault                   SA_REP     23-NOV-07                      
        156 King                      SA_REP     30-JAN-04                      
        157 Sully                     SA_REP     04-MAR-04                      
        158 McEwen                    SA_REP     01-AUG-04                      
        159 Smith                     SA_REP     10-MAR-05                      
        160 Doran                     SA_REP     15-DEC-05                      
        161 Sewall                    SA_REP     03-NOV-06                      
        162 Vishney                   SA_REP     11-NOV-05                      
        163 Greene                    SA_REP     19-MAR-07                      
        164 Marvins                   SA_REP     24-JAN-08                      
        165 Lee                       SA_REP     23-FEB-08                      

EMPLOYEE_ID LAST_NAME                 JOB_ID     Start_dat                      
----------- ------------------------- ---------- ---------                      
        166 Ande                      SA_REP     24-MAR-08                      
        167 Banda                     SA_REP     21-APR-08                      
        168 Ozer                      SA_REP     11-MAR-05                      
        169 Bloom                     SA_REP     23-MAR-06                      
        170 Fox                       SA_REP     24-JAN-06                      
        171 Smith                     SA_REP     23-FEB-07                      
        172 Bates                     SA_REP     24-MAR-07                      
        173 Kumar                     SA_REP     21-APR-08                      
        174 Abel                      SA_REP     11-MAY-04                      
        175 Hutton                    SA_REP     19-MAR-05                      
        176 Taylor                    SA_REP     24-MAR-06                      

EMPLOYEE_ID LAST_NAME                 JOB_ID     Start_dat                      
----------- ------------------------- ---------- ---------                      
        177 Livingston                SA_REP     23-APR-06                      
        178 Grant                     SA_REP     24-MAY-07                      
        179 Johnson                   SA_REP     04-JAN-08                      
        180 Taylor                    SH_CLERK   24-JAN-06                      
        181 Fleaur                    SH_CLERK   23-FEB-06                      
        182 Sullivan                  SH_CLERK   21-JUN-07                      
        183 Geoni                     SH_CLERK   03-FEB-08                      
        184 Sarchand                  SH_CLERK   27-JAN-04                      
        185 Bull                      SH_CLERK   20-FEB-05                      
        186 Dellinger                 SH_CLERK   24-JUN-06                      
        187 Cabrio                    SH_CLERK   07-FEB-07                      

EMPLOYEE_ID LAST_NAME                 JOB_ID     Start_dat                      
----------- ------------------------- ---------- ---------                      
        188 Chung                     SH_CLERK   14-JUN-05                      
        189 Dilly                     SH_CLERK   13-AUG-05                      
        190 Gates                     SH_CLERK   11-JUL-06                      
        191 Perkins                   SH_CLERK   19-DEC-07                      
        192 Bell                      SH_CLERK   04-FEB-04                      
        193 Everett                   SH_CLERK   03-MAR-05                      
        194 McCain                    SH_CLERK   01-JUL-06                      
        195 Jones                     SH_CLERK   17-MAR-07                      
        196 Walsh                     SH_CLERK   24-APR-06                      
        197 Feeney                    SH_CLERK   23-MAY-06                      
        198 OConnell                  SH_CLERK   21-JUN-07                      

EMPLOYEE_ID LAST_NAME                 JOB_ID     Start_dat                      
----------- ------------------------- ---------- ---------                      
        199 Grant                     SH_CLERK   13-JAN-08                      
        200 Whalen                    AD_ASST    17-SEP-03                      
        201 Hartstein                 MK_MAN     17-FEB-04                      
        202 Fay                       MK_REP     17-AUG-05                      
        203 Mavris                    HR_REP     07-JUN-02                      
        204 Baer                      PR_REP     07-JUN-02                      
        205 Higgins                   AC_MGR     07-JUN-02                      
        206 Gietz                     AC_ACCOUNT 07-JUN-02                      

107 rows selected.

SQL> select job_id from employees;

JOB_ID                                                                          
----------                                                                      
AC_ACCOUNT                                                                      
AC_MGR                                                                          
AD_ASST                                                                         
AD_PRES                                                                         
AD_VP                                                                           
AD_VP                                                                           
FI_ACCOUNT                                                                      
FI_ACCOUNT                                                                      
FI_ACCOUNT                                                                      
FI_ACCOUNT                                                                      
FI_ACCOUNT                                                                      

JOB_ID                                                                          
----------                                                                      
FI_MGR                                                                          
HR_REP                                                                          
IT_PROG                                                                         
IT_PROG                                                                         
IT_PROG                                                                         
IT_PROG                                                                         
IT_PROG                                                                         
MK_MAN                                                                          
MK_REP                                                                          
PR_REP                                                                          
PU_CLERK                                                                        

JOB_ID                                                                          
----------                                                                      
PU_CLERK                                                                        
PU_CLERK                                                                        
PU_CLERK                                                                        
PU_CLERK                                                                        
PU_MAN                                                                          
SA_MAN                                                                          
SA_MAN                                                                          
SA_MAN                                                                          
SA_MAN                                                                          
SA_MAN                                                                          
SA_REP                                                                          

JOB_ID                                                                          
----------                                                                      
SA_REP                                                                          
SA_REP                                                                          
SA_REP                                                                          
SA_REP                                                                          
SA_REP                                                                          
SA_REP                                                                          
SA_REP                                                                          
SA_REP                                                                          
SA_REP                                                                          
SA_REP                                                                          
SA_REP                                                                          

JOB_ID                                                                          
----------                                                                      
SA_REP                                                                          
SA_REP                                                                          
SA_REP                                                                          
SA_REP                                                                          
SA_REP                                                                          
SA_REP                                                                          
SA_REP                                                                          
SA_REP                                                                          
SA_REP                                                                          
SA_REP                                                                          
SA_REP                                                                          

JOB_ID                                                                          
----------                                                                      
SA_REP                                                                          
SA_REP                                                                          
SA_REP                                                                          
SA_REP                                                                          
SA_REP                                                                          
SA_REP                                                                          
SA_REP                                                                          
SH_CLERK                                                                        
SH_CLERK                                                                        
SH_CLERK                                                                        
SH_CLERK                                                                        

JOB_ID                                                                          
----------                                                                      
SH_CLERK                                                                        
SH_CLERK                                                                        
SH_CLERK                                                                        
SH_CLERK                                                                        
SH_CLERK                                                                        
SH_CLERK                                                                        
SH_CLERK                                                                        
SH_CLERK                                                                        
SH_CLERK                                                                        
SH_CLERK                                                                        
SH_CLERK                                                                        

JOB_ID                                                                          
----------                                                                      
SH_CLERK                                                                        
SH_CLERK                                                                        
SH_CLERK                                                                        
SH_CLERK                                                                        
SH_CLERK                                                                        
ST_CLERK                                                                        
ST_CLERK                                                                        
ST_CLERK                                                                        
ST_CLERK                                                                        
ST_CLERK                                                                        
ST_CLERK                                                                        

JOB_ID                                                                          
----------                                                                      
ST_CLERK                                                                        
ST_CLERK                                                                        
ST_CLERK                                                                        
ST_CLERK                                                                        
ST_CLERK                                                                        
ST_CLERK                                                                        
ST_CLERK                                                                        
ST_CLERK                                                                        
ST_CLERK                                                                        
ST_CLERK                                                                        
ST_CLERK                                                                        

JOB_ID                                                                          
----------                                                                      
ST_CLERK                                                                        
ST_CLERK                                                                        
ST_CLERK                                                                        
ST_MAN                                                                          
ST_MAN                                                                          
ST_MAN                                                                          
ST_MAN                                                                          
ST_MAN                                                                          

107 rows selected.

SQL>  select employee_id as "emp#", last_name as "employee",job_id as "job",hire_date
  2   from employees;

      emp# employee                  job        HIRE_DATE                       
---------- ------------------------- ---------- ---------                       
       100 King                      AD_PRES    17-JUN-03                       
       101 Kochhar                   AD_VP      21-SEP-05                       
       102 De Haan                   AD_VP      13-JAN-01                       
       103 Hunold                    IT_PROG    03-JAN-06                       
       104 Ernst                     IT_PROG    21-MAY-07                       
       105 Austin                    IT_PROG    25-JUN-05                       
       106 Pataballa                 IT_PROG    05-FEB-06                       
       107 Lorentz                   IT_PROG    07-FEB-07                       
       108 Greenberg                 FI_MGR     17-AUG-02                       
       109 Faviet                    FI_ACCOUNT 16-AUG-02                       
       110 Chen                      FI_ACCOUNT 28-SEP-05                       

      emp# employee                  job        HIRE_DATE                       
---------- ------------------------- ---------- ---------                       
       111 Sciarra                   FI_ACCOUNT 30-SEP-05                       
       112 Urman                     FI_ACCOUNT 07-MAR-06                       
       113 Popp                      FI_ACCOUNT 07-DEC-07                       
       114 Raphaely                  PU_MAN     07-DEC-02                       
       115 Khoo                      PU_CLERK   18-MAY-03                       
       116 Baida                     PU_CLERK   24-DEC-05                       
       117 Tobias                    PU_CLERK   24-JUL-05                       
       118 Himuro                    PU_CLERK   15-NOV-06                       
       119 Colmenares                PU_CLERK   10-AUG-07                       
       120 Weiss                     ST_MAN     18-JUL-04                       
       121 Fripp                     ST_MAN     10-APR-05                       

      emp# employee                  job        HIRE_DATE                       
---------- ------------------------- ---------- ---------                       
       122 Kaufling                  ST_MAN     01-MAY-03                       
       123 Vollman                   ST_MAN     10-OCT-05                       
       124 Mourgos                   ST_MAN     16-NOV-07                       
       125 Nayer                     ST_CLERK   16-JUL-05                       
       126 Mikkilineni               ST_CLERK   28-SEP-06                       
       127 Landry                    ST_CLERK   14-JAN-07                       
       128 Markle                    ST_CLERK   08-MAR-08                       
       129 Bissot                    ST_CLERK   20-AUG-05                       
       130 Atkinson                  ST_CLERK   30-OCT-05                       
       131 Marlow                    ST_CLERK   16-FEB-05                       
       132 Olson                     ST_CLERK   10-APR-07                       

      emp# employee                  job        HIRE_DATE                       
---------- ------------------------- ---------- ---------                       
       133 Mallin                    ST_CLERK   14-JUN-04                       
       134 Rogers                    ST_CLERK   26-AUG-06                       
       135 Gee                       ST_CLERK   12-DEC-07                       
       136 Philtanker                ST_CLERK   06-FEB-08                       
       137 Ladwig                    ST_CLERK   14-JUL-03                       
       138 Stiles                    ST_CLERK   26-OCT-05                       
       139 Seo                       ST_CLERK   12-FEB-06                       
       140 Patel                     ST_CLERK   06-APR-06                       
       141 Rajs                      ST_CLERK   17-OCT-03                       
       142 Davies                    ST_CLERK   29-JAN-05                       
       143 Matos                     ST_CLERK   15-MAR-06                       

      emp# employee                  job        HIRE_DATE                       
---------- ------------------------- ---------- ---------                       
       144 Vargas                    ST_CLERK   09-JUL-06                       
       145 Russell                   SA_MAN     01-OCT-04                       
       146 Partners                  SA_MAN     05-JAN-05                       
       147 Errazuriz                 SA_MAN     10-MAR-05                       
       148 Cambrault                 SA_MAN     15-OCT-07                       
       149 Zlotkey                   SA_MAN     29-JAN-08                       
       150 Tucker                    SA_REP     30-JAN-05                       
       151 Bernstein                 SA_REP     24-MAR-05                       
       152 Hall                      SA_REP     20-AUG-05                       
       153 Olsen                     SA_REP     30-MAR-06                       
       154 Cambrault                 SA_REP     09-DEC-06                       

      emp# employee                  job        HIRE_DATE                       
---------- ------------------------- ---------- ---------                       
       155 Tuvault                   SA_REP     23-NOV-07                       
       156 King                      SA_REP     30-JAN-04                       
       157 Sully                     SA_REP     04-MAR-04                       
       158 McEwen                    SA_REP     01-AUG-04                       
       159 Smith                     SA_REP     10-MAR-05                       
       160 Doran                     SA_REP     15-DEC-05                       
       161 Sewall                    SA_REP     03-NOV-06                       
       162 Vishney                   SA_REP     11-NOV-05                       
       163 Greene                    SA_REP     19-MAR-07                       
       164 Marvins                   SA_REP     24-JAN-08                       
       165 Lee                       SA_REP     23-FEB-08                       

      emp# employee                  job        HIRE_DATE                       
---------- ------------------------- ---------- ---------                       
       166 Ande                      SA_REP     24-MAR-08                       
       167 Banda                     SA_REP     21-APR-08                       
       168 Ozer                      SA_REP     11-MAR-05                       
       169 Bloom                     SA_REP     23-MAR-06                       
       170 Fox                       SA_REP     24-JAN-06                       
       171 Smith                     SA_REP     23-FEB-07                       
       172 Bates                     SA_REP     24-MAR-07                       
       173 Kumar                     SA_REP     21-APR-08                       
       174 Abel                      SA_REP     11-MAY-04                       
       175 Hutton                    SA_REP     19-MAR-05                       
       176 Taylor                    SA_REP     24-MAR-06                       

      emp# employee                  job        HIRE_DATE                       
---------- ------------------------- ---------- ---------                       
       177 Livingston                SA_REP     23-APR-06                       
       178 Grant                     SA_REP     24-MAY-07                       
       179 Johnson                   SA_REP     04-JAN-08                       
       180 Taylor                    SH_CLERK   24-JAN-06                       
       181 Fleaur                    SH_CLERK   23-FEB-06                       
       182 Sullivan                  SH_CLERK   21-JUN-07                       
       183 Geoni                     SH_CLERK   03-FEB-08                       
       184 Sarchand                  SH_CLERK   27-JAN-04                       
       185 Bull                      SH_CLERK   20-FEB-05                       
       186 Dellinger                 SH_CLERK   24-JUN-06                       
       187 Cabrio                    SH_CLERK   07-FEB-07                       

      emp# employee                  job        HIRE_DATE                       
---------- ------------------------- ---------- ---------                       
       188 Chung                     SH_CLERK   14-JUN-05                       
       189 Dilly                     SH_CLERK   13-AUG-05                       
       190 Gates                     SH_CLERK   11-JUL-06                       
       191 Perkins                   SH_CLERK   19-DEC-07                       
       192 Bell                      SH_CLERK   04-FEB-04                       
       193 Everett                   SH_CLERK   03-MAR-05                       
       194 McCain                    SH_CLERK   01-JUL-06                       
       195 Jones                     SH_CLERK   17-MAR-07                       
       196 Walsh                     SH_CLERK   24-APR-06                       
       197 Feeney                    SH_CLERK   23-MAY-06                       
       198 OConnell                  SH_CLERK   21-JUN-07                       

      emp# employee                  job        HIRE_DATE                       
---------- ------------------------- ---------- ---------                       
       199 Grant                     SH_CLERK   13-JAN-08                       
       200 Whalen                    AD_ASST    17-SEP-03                       
       201 Hartstein                 MK_MAN     17-FEB-04                       
       202 Fay                       MK_REP     17-AUG-05                       
       203 Mavris                    HR_REP     07-JUN-02                       
       204 Baer                      PR_REP     07-JUN-02                       
       205 Higgins                   AC_MGR     07-JUN-02                       
       206 Gietz                     AC_ACCOUNT 07-JUN-02                       

107 rows selected.

SQL> select concat(last_name, job_id) as "Employee and Title" from employees;

Employee and Title                                                              
-----------------------------------                                             
AbelSA_REP                                                                      
AndeSA_REP                                                                      
AtkinsonST_CLERK                                                                
AustinIT_PROG                                                                   
BaerPR_REP                                                                      
BaidaPU_CLERK                                                                   
BandaSA_REP                                                                     
BatesSA_REP                                                                     
BellSH_CLERK                                                                    
BernsteinSA_REP                                                                 
BissotST_CLERK                                                                  

Employee and Title                                                              
-----------------------------------                                             
BloomSA_REP                                                                     
BullSH_CLERK                                                                    
CabrioSH_CLERK                                                                  
CambraultSA_MAN                                                                 
CambraultSA_REP                                                                 
ChenFI_ACCOUNT                                                                  
ChungSH_CLERK                                                                   
ColmenaresPU_CLERK                                                              
DaviesST_CLERK                                                                  
De HaanAD_VP                                                                    
DellingerSH_CLERK                                                               

Employee and Title                                                              
-----------------------------------                                             
DillySH_CLERK                                                                   
DoranSA_REP                                                                     
ErnstIT_PROG                                                                    
ErrazurizSA_MAN                                                                 
EverettSH_CLERK                                                                 
FavietFI_ACCOUNT                                                                
FayMK_REP                                                                       
FeeneySH_CLERK                                                                  
FleaurSH_CLERK                                                                  
FoxSA_REP                                                                       
FrippST_MAN                                                                     

Employee and Title                                                              
-----------------------------------                                             
GatesSH_CLERK                                                                   
GeeST_CLERK                                                                     
GeoniSH_CLERK                                                                   
GietzAC_ACCOUNT                                                                 
GrantSH_CLERK                                                                   
GrantSA_REP                                                                     
GreenbergFI_MGR                                                                 
GreeneSA_REP                                                                    
HallSA_REP                                                                      
HartsteinMK_MAN                                                                 
HigginsAC_MGR                                                                   

Employee and Title                                                              
-----------------------------------                                             
HimuroPU_CLERK                                                                  
HunoldIT_PROG                                                                   
HuttonSA_REP                                                                    
JohnsonSA_REP                                                                   
JonesSH_CLERK                                                                   
KauflingST_MAN                                                                  
KhooPU_CLERK                                                                    
KingSA_REP                                                                      
KingAD_PRES                                                                     
KochharAD_VP                                                                    
KumarSA_REP                                                                     

Employee and Title                                                              
-----------------------------------                                             
LadwigST_CLERK                                                                  
LandryST_CLERK                                                                  
LeeSA_REP                                                                       
LivingstonSA_REP                                                                
LorentzIT_PROG                                                                  
MallinST_CLERK                                                                  
MarkleST_CLERK                                                                  
MarlowST_CLERK                                                                  
MarvinsSA_REP                                                                   
MatosST_CLERK                                                                   
MavrisHR_REP                                                                    

Employee and Title                                                              
-----------------------------------                                             
McCainSH_CLERK                                                                  
McEwenSA_REP                                                                    
MikkilineniST_CLERK                                                             
MourgosST_MAN                                                                   
NayerST_CLERK                                                                   
OConnellSH_CLERK                                                                
OlsenSA_REP                                                                     
OlsonST_CLERK                                                                   
OzerSA_REP                                                                      
PartnersSA_MAN                                                                  
PataballaIT_PROG                                                                

Employee and Title                                                              
-----------------------------------                                             
PatelST_CLERK                                                                   
PerkinsSH_CLERK                                                                 
PhiltankerST_CLERK                                                              
PoppFI_ACCOUNT                                                                  
RajsST_CLERK                                                                    
RaphaelyPU_MAN                                                                  
RogersST_CLERK                                                                  
RussellSA_MAN                                                                   
SarchandSH_CLERK                                                                
SciarraFI_ACCOUNT                                                               
SeoST_CLERK                                                                     

Employee and Title                                                              
-----------------------------------                                             
SewallSA_REP                                                                    
SmithSA_REP                                                                     
SmithSA_REP                                                                     
StilesST_CLERK                                                                  
SullivanSH_CLERK                                                                
SullySA_REP                                                                     
TaylorSA_REP                                                                    
TaylorSH_CLERK                                                                  
TobiasPU_CLERK                                                                  
TuckerSA_REP                                                                    
TuvaultSA_REP                                                                   

Employee and Title                                                              
-----------------------------------                                             
UrmanFI_ACCOUNT                                                                 
VargasST_CLERK                                                                  
VishneySA_REP                                                                   
VollmanST_MAN                                                                   
WalshSH_CLERK                                                                   
WeissST_MAN                                                                     
WhalenAD_ASST                                                                   
ZlotkeySA_MAN                                                                   

107 rows selected.
----------------------------------------------------------
2 WHERE AND ORDER BY
----------------------------------------------------------
SQL> select last_name, department_id
  2   from employees
  3  where employee_id=176;

LAST_NAME                 DEPARTMENT_ID                                         
------------------------- -------------                                         
Taylor                               80                                         

SQL> select last_name,salary
  2    from employees
  3  where salary>5000 and salary<12000;

LAST_NAME                     SALARY                                            
------------------------- ----------                                            
Hunold                          9000                                            
Ernst                           6000                                            
Faviet                          9000                                            
Chen                            8200                                            
Sciarra                         7700                                            
Urman                           7800                                            
Popp                            6900                                            
Raphaely                       11000                                            
Weiss                           8000                                            
Fripp                           8200                                            
Kaufling                        7900                                            

LAST_NAME                     SALARY                                            
------------------------- ----------                                            
Vollman                         6500                                            
Mourgos                         5800                                            
Cambrault                      11000                                            
Zlotkey                        10500                                            
Tucker                         10000                                            
Bernstein                       9500                                            
Hall                            9000                                            
Olsen                           8000                                            
Cambrault                       7500                                            
Tuvault                         7000                                            
King                           10000                                            

LAST_NAME                     SALARY                                            
------------------------- ----------                                            
Sully                           9500                                            
McEwen                          9000                                            
Smith                           8000                                            
Doran                           7500                                            
Sewall                          7000                                            
Vishney                        10500                                            
Greene                          9500                                            
Marvins                         7200                                            
Lee                             6800                                            
Ande                            6400                                            
Banda                           6200                                            

LAST_NAME                     SALARY                                            
------------------------- ----------                                            
Ozer                           11500                                            
Bloom                          10000                                            
Fox                             9600                                            
Smith                           7400                                            
Bates                           7300                                            
Kumar                           6100                                            
Abel                           11000                                            
Hutton                          8800                                            
Taylor                          8600                                            
Livingston                      8400                                            
Grant                           7000                                            

LAST_NAME                     SALARY                                            
------------------------- ----------                                            
Johnson                         6200                                            
Fay                             6000                                            
Mavris                          6500                                            
Baer                           10000                                            
Gietz                           8300                                            

49 rows selected.

SQL> select last_name,job_id,hire_date
  2   from employees
  3   where lower(last_name)='Matos' and lower(last_name)='Taylor'
  4  order by hire_date asc;

no rows selected

SQL> select last_name,department_id
  2    from employees
  3  where department_id=20 or department_id=50
  4  order by last_name asc;

LAST_NAME                 DEPARTMENT_ID                                         
------------------------- -------------                                         
Atkinson                             50                                         
Bell                                 50                                         
Bissot                               50                                         
Bull                                 50                                         
Cabrio                               50                                         
Chung                                50                                         
Davies                               50                                         
Dellinger                            50                                         
Dilly                                50                                         
Everett                              50                                         
Fay                                  20                                         

LAST_NAME                 DEPARTMENT_ID                                         
------------------------- -------------                                         
Feeney                               50                                         
Fleaur                               50                                         
Fripp                                50                                         
Gates                                50                                         
Gee                                  50                                         
Geoni                                50                                         
Grant                                50                                         
Hartstein                            20                                         
Jones                                50                                         
Kaufling                             50                                         
Ladwig                               50                                         

LAST_NAME                 DEPARTMENT_ID                                         
------------------------- -------------                                         
Landry                               50                                         
Mallin                               50                                         
Markle                               50                                         
Marlow                               50                                         
Matos                                50                                         
McCain                               50                                         
Mikkilineni                          50                                         
Mourgos                              50                                         
Nayer                                50                                         
OConnell                             50                                         
Olson                                50                                         

LAST_NAME                 DEPARTMENT_ID                                         
------------------------- -------------                                         
Patel                                50                                         
Perkins                              50                                         
Philtanker                           50                                         
Rajs                                 50                                         
Rogers                               50                                         
Sarchand                             50                                         
Seo                                  50                                         
Stiles                               50                                         
Sullivan                             50                                         
Taylor                               50                                         
Vargas                               50                                         

LAST_NAME                 DEPARTMENT_ID                                         
------------------------- -------------                                         
Vollman                              50                                         
Walsh                                50                                         
Weiss                                50                                         

47 rows selected.

SQL> select last_name,salary
  2    from employees
  3  where salary NOT BETWEEN 5000 and 12000;

LAST_NAME                     SALARY                                            
------------------------- ----------                                            
King                           24000                                            
Kochhar                        17000                                            
De Haan                        17000                                            
Austin                          4800                                            
Pataballa                       4800                                            
Lorentz                         4200                                            
Greenberg                      12008                                            
Khoo                            3100                                            
Baida                           2900                                            
Tobias                          2800                                            
Himuro                          2600                                            

LAST_NAME                     SALARY                                            
------------------------- ----------                                            
Colmenares                      2500                                            
Nayer                           3200                                            
Mikkilineni                     2700                                            
Landry                          2400                                            
Markle                          2200                                            
Bissot                          3300                                            
Atkinson                        2800                                            
Marlow                          2500                                            
Olson                           2100                                            
Mallin                          3300                                            
Rogers                          2900                                            

LAST_NAME                     SALARY                                            
------------------------- ----------                                            
Gee                             2400                                            
Philtanker                      2200                                            
Ladwig                          3600                                            
Stiles                          3200                                            
Seo                             2700                                            
Patel                           2500                                            
Rajs                            3500                                            
Davies                          3100                                            
Matos                           2600                                            
Vargas                          2500                                            
Russell                        14000                                            

LAST_NAME                     SALARY                                            
------------------------- ----------                                            
Partners                       13500                                            
Taylor                          3200                                            
Fleaur                          3100                                            
Sullivan                        2500                                            
Geoni                           2800                                            
Sarchand                        4200                                            
Bull                            4100                                            
Dellinger                       3400                                            
Cabrio                          3000                                            
Chung                           3800                                            
Dilly                           3600                                            

LAST_NAME                     SALARY                                            
------------------------- ----------                                            
Gates                           2900                                            
Perkins                         2500                                            
Bell                            4000                                            
Everett                         3900                                            
McCain                          3200                                            
Jones                           2800                                            
Walsh                           3100                                            
Feeney                          3000                                            
OConnell                        2600                                            
Grant                           2600                                            
Whalen                          4400                                            

LAST_NAME                     SALARY                                            
------------------------- ----------                                            
Hartstein                      13000                                            
Higgins                        12008                                            

57 rows selected.

SQL> select last_name as "employee",department_id as "monthly_salasry"
  2  from employees
  3  where salary NOT BETWEEN 5000 and 12000
  4  and department_id=20 or department_id=50;

employee                  monthly_salasry                                       
------------------------- ---------------                                       
Weiss                                  50                                       
Fripp                                  50                                       
Kaufling                               50                                       
Vollman                                50                                       
Mourgos                                50                                       
Nayer                                  50                                       
Mikkilineni                            50                                       
Landry                                 50                                       
Markle                                 50                                       
Bissot                                 50                                       
Atkinson                               50                                       

employee                  monthly_salasry                                       
------------------------- ---------------                                       
Marlow                                 50                                       
Olson                                  50                                       
Mallin                                 50                                       
Rogers                                 50                                       
Gee                                    50                                       
Philtanker                             50                                       
Ladwig                                 50                                       
Stiles                                 50                                       
Seo                                    50                                       
Patel                                  50                                       
Rajs                                   50                                       

employee                  monthly_salasry                                       
------------------------- ---------------                                       
Davies                                 50                                       
Matos                                  50                                       
Vargas                                 50                                       
Taylor                                 50                                       
Fleaur                                 50                                       
Sullivan                               50                                       
Geoni                                  50                                       
Sarchand                               50                                       
Bull                                   50                                       
Dellinger                              50                                       
Cabrio                                 50                                       

employee                  monthly_salasry                                       
------------------------- ---------------                                       
Chung                                  50                                       
Dilly                                  50                                       
Gates                                  50                                       
Perkins                                50                                       
Bell                                   50                                       
Everett                                50                                       
McCain                                 50                                       
Jones                                  50                                       
Walsh                                  50                                       
Feeney                                 50                                       
OConnell                               50                                       

employee                  monthly_salasry                                       
------------------------- ---------------                                       
Grant                                  50                                       
Hartstein                              20                                       

46 rows selected.
----------------------------------------------------------------
3 SINGLE MULTI FUNCTIONS
----------------------------------------------------------------


SQL> select sysdate as "Date" from dual;

Date                                                                            
---------                                                                       
26-DEC-19                                                                       

SQL> select employee_id,last_name,salary,trunc((salary*155/1000)+salary) "NEW SALARY" from employees;

EMPLOYEE_ID LAST_NAME                     SALARY NEW SALARY                     
----------- ------------------------- ---------- ----------                     
        100 King                           24000      27720                     
        101 Kochhar                        17000      19635                     
        102 De Haan                        17000      19635                     
        103 Hunold                          9000      10395                     
        104 Ernst                           6000       6930                     
        105 Austin                          4800       5544                     
        106 Pataballa                       4800       5544                     
        107 Lorentz                         4200       4851                     
        108 Greenberg                      12008      13869                     
        109 Faviet                          9000      10395                     
        110 Chen                            8200       9471                     

EMPLOYEE_ID LAST_NAME                     SALARY NEW SALARY                     
----------- ------------------------- ---------- ----------                     
        111 Sciarra                         7700       8893                     
        112 Urman                           7800       9009                     
        113 Popp                            6900       7969                     
        114 Raphaely                       11000      12705                     
        115 Khoo                            3100       3580                     
        116 Baida                           2900       3349                     
        117 Tobias                          2800       3234                     
        118 Himuro                          2600       3003                     
        119 Colmenares                      2500       2887                     
        120 Weiss                           8000       9240                     
        121 Fripp                           8200       9471                     

EMPLOYEE_ID LAST_NAME                     SALARY NEW SALARY                     
----------- ------------------------- ---------- ----------                     
        122 Kaufling                        7900       9124                     
        123 Vollman                         6500       7507                     
        124 Mourgos                         5800       6699                     
        125 Nayer                           3200       3696                     
        126 Mikkilineni                     2700       3118                     
        127 Landry                          2400       2772                     
        128 Markle                          2200       2541                     
        129 Bissot                          3300       3811                     
        130 Atkinson                        2800       3234                     
        131 Marlow                          2500       2887                     
        132 Olson                           2100       2425                     

EMPLOYEE_ID LAST_NAME                     SALARY NEW SALARY                     
----------- ------------------------- ---------- ----------                     
        133 Mallin                          3300       3811                     
        134 Rogers                          2900       3349                     
        135 Gee                             2400       2772                     
        136 Philtanker                      2200       2541                     
        137 Ladwig                          3600       4158                     
        138 Stiles                          3200       3696                     
        139 Seo                             2700       3118                     
        140 Patel                           2500       2887                     
        141 Rajs                            3500       4042                     
        142 Davies                          3100       3580                     
        143 Matos                           2600       3003                     

EMPLOYEE_ID LAST_NAME                     SALARY NEW SALARY                     
----------- ------------------------- ---------- ----------                     
        144 Vargas                          2500       2887                     
        145 Russell                        14000      16170                     
        146 Partners                       13500      15592                     
        147 Errazuriz                      12000      13860                     
        148 Cambrault                      11000      12705                     
        149 Zlotkey                        10500      12127                     
        150 Tucker                         10000      11550                     
        151 Bernstein                       9500      10972                     
        152 Hall                            9000      10395                     
        153 Olsen                           8000       9240                     
        154 Cambrault                       7500       8662                     

EMPLOYEE_ID LAST_NAME                     SALARY NEW SALARY                     
----------- ------------------------- ---------- ----------                     
        155 Tuvault                         7000       8085                     
        156 King                           10000      11550                     
        157 Sully                           9500      10972                     
        158 McEwen                          9000      10395                     
        159 Smith                           8000       9240                     
        160 Doran                           7500       8662                     
        161 Sewall                          7000       8085                     
        162 Vishney                        10500      12127                     
        163 Greene                          9500      10972                     
        164 Marvins                         7200       8316                     
        165 Lee                             6800       7854                     

EMPLOYEE_ID LAST_NAME                     SALARY NEW SALARY                     
----------- ------------------------- ---------- ----------                     
        166 Ande                            6400       7392                     
        167 Banda                           6200       7161                     
        168 Ozer                           11500      13282                     
        169 Bloom                          10000      11550                     
        170 Fox                             9600      11088                     
        171 Smith                           7400       8547                     
        172 Bates                           7300       8431                     
        173 Kumar                           6100       7045                     
        174 Abel                           11000      12705                     
        175 Hutton                          8800      10164                     
        176 Taylor                          8600       9933                     

EMPLOYEE_ID LAST_NAME                     SALARY NEW SALARY                     
----------- ------------------------- ---------- ----------                     
        177 Livingston                      8400       9702                     
        178 Grant                           7000       8085                     
        179 Johnson                         6200       7161                     
        180 Taylor                          3200       3696                     
        181 Fleaur                          3100       3580                     
        182 Sullivan                        2500       2887                     
        183 Geoni                           2800       3234                     
        184 Sarchand                        4200       4851                     
        185 Bull                            4100       4735                     
        186 Dellinger                       3400       3927                     
        187 Cabrio                          3000       3465                     

EMPLOYEE_ID LAST_NAME                     SALARY NEW SALARY                     
----------- ------------------------- ---------- ----------                     
        188 Chung                           3800       4389                     
        189 Dilly                           3600       4158                     
        190 Gates                           2900       3349                     
        191 Perkins                         2500       2887                     
        192 Bell                            4000       4620                     
        193 Everett                         3900       4504                     
        194 McCain                          3200       3696                     
        195 Jones                           2800       3234                     
        196 Walsh                           3100       3580                     
        197 Feeney                          3000       3465                     
        198 OConnell                        2600       3003                     

EMPLOYEE_ID LAST_NAME                     SALARY NEW SALARY                     
----------- ------------------------- ---------- ----------                     
        199 Grant                           2600       3003                     
        200 Whalen                          4400       5082                     
        201 Hartstein                      13000      15015                     
        202 Fay                             6000       6930                     
        203 Mavris                          6500       7507                     
        204 Baer                           10000      11550                     
        205 Higgins                        12008      13869                     
        206 Gietz                           8300       9586                     

107 rows selected.

SQL> select employee_id,last_name,salary,trunc((salary*155/1000)+salary) "NEW SALARY", Trunc(((salary*(155/1000))+salary)-salary) as "Increase
  2  from employees;
ERROR:
ORA-01740: missing double quote in identifier 


SQL> ed
Wrote file afiedt.buf

  1  select employee_id,last_name,salary,trunc((salary*155/1000)+salary) "NEW SALARY", Trunc(((salary*(155/1000))+salary)-salary) as "Increase"
  2* from employees;
SQL> /
from employees;
              *
ERROR at line 2:
ORA-00911: invalid character 


SQL> select employee_id,last_name,salary,trunc((salary*155/1000)+salary) "NEW SALARY", Trunc(((salary*(155/1000))+salary)-salary) as "Increase"
  2  from employees;

EMPLOYEE_ID LAST_NAME                     SALARY NEW SALARY   Increase          
----------- ------------------------- ---------- ---------- ----------          
        100 King                           24000      27720       3720          
        101 Kochhar                        17000      19635       2635          
        102 De Haan                        17000      19635       2635          
        103 Hunold                          9000      10395       1395          
        104 Ernst                           6000       6930        930          
        105 Austin                          4800       5544        744          
        106 Pataballa                       4800       5544        744          
        107 Lorentz                         4200       4851        651          
        108 Greenberg                      12008      13869       1861          
        109 Faviet                          9000      10395       1395          
        110 Chen                            8200       9471       1271          

EMPLOYEE_ID LAST_NAME                     SALARY NEW SALARY   Increase          
----------- ------------------------- ---------- ---------- ----------          
        111 Sciarra                         7700       8893       1193          
        112 Urman                           7800       9009       1209          
        113 Popp                            6900       7969       1069          
        114 Raphaely                       11000      12705       1705          
        115 Khoo                            3100       3580        480          
        116 Baida                           2900       3349        449          
        117 Tobias                          2800       3234        434          
        118 Himuro                          2600       3003        403          
        119 Colmenares                      2500       2887        387          
        120 Weiss                           8000       9240       1240          
        121 Fripp                           8200       9471       1271          

EMPLOYEE_ID LAST_NAME                     SALARY NEW SALARY   Increase          
----------- ------------------------- ---------- ---------- ----------          
        122 Kaufling                        7900       9124       1224          
        123 Vollman                         6500       7507       1007          
        124 Mourgos                         5800       6699        899          
        125 Nayer                           3200       3696        496          
        126 Mikkilineni                     2700       3118        418          
        127 Landry                          2400       2772        372          
        128 Markle                          2200       2541        341          
        129 Bissot                          3300       3811        511          
        130 Atkinson                        2800       3234        434          
        131 Marlow                          2500       2887        387          
        132 Olson                           2100       2425        325          

EMPLOYEE_ID LAST_NAME                     SALARY NEW SALARY   Increase          
----------- ------------------------- ---------- ---------- ----------          
        133 Mallin                          3300       3811        511          
        134 Rogers                          2900       3349        449          
        135 Gee                             2400       2772        372          
        136 Philtanker                      2200       2541        341          
        137 Ladwig                          3600       4158        558          
        138 Stiles                          3200       3696        496          
        139 Seo                             2700       3118        418          
        140 Patel                           2500       2887        387          
        141 Rajs                            3500       4042        542          
        142 Davies                          3100       3580        480          
        143 Matos                           2600       3003        403          

EMPLOYEE_ID LAST_NAME                     SALARY NEW SALARY   Increase          
----------- ------------------------- ---------- ---------- ----------          
        144 Vargas                          2500       2887        387          
        145 Russell                        14000      16170       2170          
        146 Partners                       13500      15592       2092          
        147 Errazuriz                      12000      13860       1860          
        148 Cambrault                      11000      12705       1705          
        149 Zlotkey                        10500      12127       1627          
        150 Tucker                         10000      11550       1550          
        151 Bernstein                       9500      10972       1472          
        152 Hall                            9000      10395       1395          
        153 Olsen                           8000       9240       1240          
        154 Cambrault                       7500       8662       1162          

EMPLOYEE_ID LAST_NAME                     SALARY NEW SALARY   Increase          
----------- ------------------------- ---------- ---------- ----------          
        155 Tuvault                         7000       8085       1085          
        156 King                           10000      11550       1550          
        157 Sully                           9500      10972       1472          
        158 McEwen                          9000      10395       1395          
        159 Smith                           8000       9240       1240          
        160 Doran                           7500       8662       1162          
        161 Sewall                          7000       8085       1085          
        162 Vishney                        10500      12127       1627          
        163 Greene                          9500      10972       1472          
        164 Marvins                         7200       8316       1116          
        165 Lee                             6800       7854       1054          

EMPLOYEE_ID LAST_NAME                     SALARY NEW SALARY   Increase          
----------- ------------------------- ---------- ---------- ----------          
        166 Ande                            6400       7392        992          
        167 Banda                           6200       7161        961          
        168 Ozer                           11500      13282       1782          
        169 Bloom                          10000      11550       1550          
        170 Fox                             9600      11088       1488          
        171 Smith                           7400       8547       1147          
        172 Bates                           7300       8431       1131          
        173 Kumar                           6100       7045        945          
        174 Abel                           11000      12705       1705          
        175 Hutton                          8800      10164       1364          
        176 Taylor                          8600       9933       1333          

EMPLOYEE_ID LAST_NAME                     SALARY NEW SALARY   Increase          
----------- ------------------------- ---------- ---------- ----------          
        177 Livingston                      8400       9702       1302          
        178 Grant                           7000       8085       1085          
        179 Johnson                         6200       7161        961          
        180 Taylor                          3200       3696        496          
        181 Fleaur                          3100       3580        480          
        182 Sullivan                        2500       2887        387          
        183 Geoni                           2800       3234        434          
        184 Sarchand                        4200       4851        651          
        185 Bull                            4100       4735        635          
        186 Dellinger                       3400       3927        527          
        187 Cabrio                          3000       3465        465          

EMPLOYEE_ID LAST_NAME                     SALARY NEW SALARY   Increase          
----------- ------------------------- ---------- ---------- ----------          
        188 Chung                           3800       4389        589          
        189 Dilly                           3600       4158        558          
        190 Gates                           2900       3349        449          
        191 Perkins                         2500       2887        387          
        192 Bell                            4000       4620        620          
        193 Everett                         3900       4504        604          
        194 McCain                          3200       3696        496          
        195 Jones                           2800       3234        434          
        196 Walsh                           3100       3580        480          
        197 Feeney                          3000       3465        465          
        198 OConnell                        2600       3003        403          

EMPLOYEE_ID LAST_NAME                     SALARY NEW SALARY   Increase          
----------- ------------------------- ---------- ---------- ----------          
        199 Grant                           2600       3003        403          
        200 Whalen                          4400       5082        682          
        201 Hartstein                      13000      15015       2015          
        202 Fay                             6000       6930        930          
        203 Mavris                          6500       7507       1007          
        204 Baer                           10000      11550       1550          
        205 Higgins                        12008      13869       1861          
        206 Gietz                           8300       9586       1286          

107 rows selected.

SQL> select last_name Name,length(last_name) length
  2  from employees
  3  where last_name like '3%' or last_name like'A%' or last_name like'M%';

NAME                          LENGTH                                            
------------------------- ----------                                            
Abel                               4                                            
Ande                               4                                            
Atkinson                           8                                            
Austin                             6                                            
Mallin                             6                                            
Markle                             6                                            
Marlow                             6                                            
Marvins                            7                                            
Matos                              5                                            
Mavris                             6                                            
McCain                             6                                            

NAME                          LENGTH                                            
------------------------- ----------                                            
McEwen                             6                                            
Mikkilineni                       11                                            
Mourgos                            7                                            

14 rows selected.

SQL> ed
Wrote file afiedt.buf

  1  select last_name Name,length(last_name) length
  2  from employees
  3* where last_name like 'J%' or last_name like'A%' or last_name like'M%'
SQL> /

NAME                          LENGTH                                            
------------------------- ----------                                            
Abel                               4                                            
Ande                               4                                            
Atkinson                           8                                            
Austin                             6                                            
Johnson                            7                                            
Jones                              5                                            
Mallin                             6                                            
Markle                             6                                            
Marlow                             6                                            
Marvins                            7                                            
Matos                              5                                            

NAME                          LENGTH                                            
------------------------- ----------                                            
Mavris                             6                                            
McCain                             6                                            
McEwen                             6                                            
Mikkilineni                       11                                            
Mourgos                            7                                            

16 rows selected.

SQL> select last_name Name,length(last_name) length
  2  from employees
  3  where last_name like upper('&start_letter%');
Enter value for start_letter: H
old   3: where last_name like upper('&start_letter%')
new   3: where last_name like upper('H%')

NAME                          LENGTH                                            
------------------------- ----------                                            
Hall                               4                                            
Hartstein                          9                                            
Higgins                            7                                            
Himuro                             6                                            
Hunold                             6                                            
Hutton                             6                                            

6 rows selected.

SQL> select last_name, round(((sysdate-hire_date)/365*12),0) months_worked
  2  from employees;

LAST_NAME                 MONTHS_WORKED                                         
------------------------- -------------                                         
King                                198                                         
Kochhar                             171                                         
De Haan                             228                                         
Hunold                              168                                         
Ernst                               151                                         
Austin                              174                                         
Pataballa                           167                                         
Lorentz                             155                                         
Greenberg                           208                                         
Faviet                              209                                         
Chen                                171                                         

LAST_NAME                 MONTHS_WORKED                                         
------------------------- -------------                                         
Sciarra                             171                                         
Urman                               166                                         
Popp                                145                                         
Raphaely                            205                                         
Khoo                                199                                         
Baida                               168                                         
Tobias                              173                                         
Himuro                              157                                         
Colmenares                          149                                         
Weiss                               185                                         
Fripp                               177                                         

LAST_NAME                 MONTHS_WORKED                                         
------------------------- -------------                                         
Kaufling                            200                                         
Vollman                             171                                         
Mourgos                             145                                         
Nayer                               173                                         
Mikkilineni                         159                                         
Landry                              156                                         
Markle                              142                                         
Bissot                              172                                         
Atkinson                            170                                         
Marlow                              178                                         
Olson                               153                                         

LAST_NAME                 MONTHS_WORKED                                         
------------------------- -------------                                         
Mallin                              187                                         
Rogers                              160                                         
Gee                                 145                                         
Philtanker                          143                                         
Ladwig                              198                                         
Stiles                              170                                         
Seo                                 167                                         
Patel                               165                                         
Rajs                                194                                         
Davies                              179                                         
Matos                               166                                         

LAST_NAME                 MONTHS_WORKED                                         
------------------------- -------------                                         
Vargas                              162                                         
Russell                             183                                         
Partners                            180                                         
Errazuriz                           178                                         
Cambrault                           146                                         
Zlotkey                             143                                         
Tucker                              179                                         
Bernstein                           177                                         
Hall                                172                                         
Olsen                               165                                         
Cambrault                           157                                         

LAST_NAME                 MONTHS_WORKED                                         
------------------------- -------------                                         
Tuvault                             145                                         
King                                191                                         
Sully                               190                                         
McEwen                              185                                         
Smith                               178                                         
Doran                               168                                         
Sewall                              158                                         
Vishney                             170                                         
Greene                              153                                         
Marvins                             143                                         
Lee                                 142                                         

LAST_NAME                 MONTHS_WORKED                                         
------------------------- -------------                                         
Ande                                141                                         
Banda                               140                                         
Ozer                                178                                         
Bloom                               165                                         
Fox                                 167                                         
Smith                               154                                         
Bates                               153                                         
Kumar                               140                                         
Abel                                188                                         
Hutton                              177                                         
Taylor                              165                                         

LAST_NAME                 MONTHS_WORKED                                         
------------------------- -------------                                         
Livingston                          164                                         
Grant                               151                                         
Johnson                             144                                         
Taylor                              167                                         
Fleaur                              166                                         
Sullivan                            150                                         
Geoni                               143                                         
Sarchand                            191                                         
Bull                                178                                         
Dellinger                           162                                         
Cabrio                              155                                         

LAST_NAME                 MONTHS_WORKED                                         
------------------------- -------------                                         
Chung                               175                                         
Dilly                               173                                         
Gates                               162                                         
Perkins                             144                                         
Bell                                191                                         
Everett                             178                                         
McCain                              162                                         
Jones                               153                                         
Walsh                               164                                         
Feeney                              163                                         
OConnell                            150                                         

LAST_NAME                 MONTHS_WORKED                                         
------------------------- -------------                                         
Grant                               144                                         
Whalen                              195                                         
Hartstein                           190                                         
Fay                                 172                                         
Mavris                              211                                         
Baer                                211                                         
Higgins                             211                                         
Gietz                               211                                         

107 rows selected.

SQL> select last_name,lpad(salary,15,'$') salary
  2  from employees;

LAST_NAME                 SALARY                                                
------------------------- ---------------                                       
King                      $$$$$$$$$$24000                                       
Kochhar                   $$$$$$$$$$17000                                       
De Haan                   $$$$$$$$$$17000                                       
Hunold                    $$$$$$$$$$$9000                                       
Ernst                     $$$$$$$$$$$6000                                       
Austin                    $$$$$$$$$$$4800                                       
Pataballa                 $$$$$$$$$$$4800                                       
Lorentz                   $$$$$$$$$$$4200                                       
Greenberg                 $$$$$$$$$$12008                                       
Faviet                    $$$$$$$$$$$9000                                       
Chen                      $$$$$$$$$$$8200                                       

LAST_NAME                 SALARY                                                
------------------------- ---------------                                       
Sciarra                   $$$$$$$$$$$7700                                       
Urman                     $$$$$$$$$$$7800                                       
Popp                      $$$$$$$$$$$6900                                       
Raphaely                  $$$$$$$$$$11000                                       
Khoo                      $$$$$$$$$$$3100                                       
Baida                     $$$$$$$$$$$2900                                       
Tobias                    $$$$$$$$$$$2800                                       
Himuro                    $$$$$$$$$$$2600                                       
Colmenares                $$$$$$$$$$$2500                                       
Weiss                     $$$$$$$$$$$8000                                       
Fripp                     $$$$$$$$$$$8200                                       

LAST_NAME                 SALARY                                                
------------------------- ---------------                                       
Kaufling                  $$$$$$$$$$$7900                                       
Vollman                   $$$$$$$$$$$6500                                       
Mourgos                   $$$$$$$$$$$5800                                       
Nayer                     $$$$$$$$$$$3200                                       
Mikkilineni               $$$$$$$$$$$2700                                       
Landry                    $$$$$$$$$$$2400                                       
Markle                    $$$$$$$$$$$2200                                       
Bissot                    $$$$$$$$$$$3300                                       
Atkinson                  $$$$$$$$$$$2800                                       
Marlow                    $$$$$$$$$$$2500                                       
Olson                     $$$$$$$$$$$2100                                       

LAST_NAME                 SALARY                                                
------------------------- ---------------                                       
Mallin                    $$$$$$$$$$$3300                                       
Rogers                    $$$$$$$$$$$2900                                       
Gee                       $$$$$$$$$$$2400                                       
Philtanker                $$$$$$$$$$$2200                                       
Ladwig                    $$$$$$$$$$$3600                                       
Stiles                    $$$$$$$$$$$3200                                       
Seo                       $$$$$$$$$$$2700                                       
Patel                     $$$$$$$$$$$2500                                       
Rajs                      $$$$$$$$$$$3500                                       
Davies                    $$$$$$$$$$$3100                                       
Matos                     $$$$$$$$$$$2600                                       

LAST_NAME                 SALARY                                                
------------------------- ---------------                                       
Vargas                    $$$$$$$$$$$2500                                       
Russell                   $$$$$$$$$$14000                                       
Partners                  $$$$$$$$$$13500                                       
Errazuriz                 $$$$$$$$$$12000                                       
Cambrault                 $$$$$$$$$$11000                                       
Zlotkey                   $$$$$$$$$$10500                                       
Tucker                    $$$$$$$$$$10000                                       
Bernstein                 $$$$$$$$$$$9500                                       
Hall                      $$$$$$$$$$$9000                                       
Olsen                     $$$$$$$$$$$8000                                       
Cambrault                 $$$$$$$$$$$7500                                       

LAST_NAME                 SALARY                                                
------------------------- ---------------                                       
Tuvault                   $$$$$$$$$$$7000                                       
King                      $$$$$$$$$$10000                                       
Sully                     $$$$$$$$$$$9500                                       
McEwen                    $$$$$$$$$$$9000                                       
Smith                     $$$$$$$$$$$8000                                       
Doran                     $$$$$$$$$$$7500                                       
Sewall                    $$$$$$$$$$$7000                                       
Vishney                   $$$$$$$$$$10500                                       
Greene                    $$$$$$$$$$$9500                                       
Marvins                   $$$$$$$$$$$7200                                       
Lee                       $$$$$$$$$$$6800                                       

LAST_NAME                 SALARY                                                
------------------------- ---------------                                       
Ande                      $$$$$$$$$$$6400                                       
Banda                     $$$$$$$$$$$6200                                       
Ozer                      $$$$$$$$$$11500                                       
Bloom                     $$$$$$$$$$10000                                       
Fox                       $$$$$$$$$$$9600                                       
Smith                     $$$$$$$$$$$7400                                       
Bates                     $$$$$$$$$$$7300                                       
Kumar                     $$$$$$$$$$$6100                                       
Abel                      $$$$$$$$$$11000                                       
Hutton                    $$$$$$$$$$$8800                                       
Taylor                    $$$$$$$$$$$8600                                       

LAST_NAME                 SALARY                                                
------------------------- ---------------                                       
Livingston                $$$$$$$$$$$8400                                       
Grant                     $$$$$$$$$$$7000                                       
Johnson                   $$$$$$$$$$$6200                                       
Taylor                    $$$$$$$$$$$3200                                       
Fleaur                    $$$$$$$$$$$3100                                       
Sullivan                  $$$$$$$$$$$2500                                       
Geoni                     $$$$$$$$$$$2800                                       
Sarchand                  $$$$$$$$$$$4200                                       
Bull                      $$$$$$$$$$$4100                                       
Dellinger                 $$$$$$$$$$$3400                                       
Cabrio                    $$$$$$$$$$$3000                                       

LAST_NAME                 SALARY                                                
------------------------- ---------------                                       
Chung                     $$$$$$$$$$$3800                                       
Dilly                     $$$$$$$$$$$3600                                       
Gates                     $$$$$$$$$$$2900                                       
Perkins                   $$$$$$$$$$$2500                                       
Bell                      $$$$$$$$$$$4000                                       
Everett                   $$$$$$$$$$$3900                                       
McCain                    $$$$$$$$$$$3200                                       
Jones                     $$$$$$$$$$$2800                                       
Walsh                     $$$$$$$$$$$3100                                       
Feeney                    $$$$$$$$$$$3000                                       
OConnell                  $$$$$$$$$$$2600                                       

LAST_NAME                 SALARY                                                
------------------------- ---------------                                       
Grant                     $$$$$$$$$$$2600                                       
Whalen                    $$$$$$$$$$$4400                                       
Hartstein                 $$$$$$$$$$13000                                       
Fay                       $$$$$$$$$$$6000                                       
Mavris                    $$$$$$$$$$$6500                                       
Baer                      $$$$$$$$$$10000                                       
Higgins                   $$$$$$$$$$12008                                       
Gietz                     $$$$$$$$$$$8300                                       

107 rows selected.

SQL> select last_name|| to_char(salary,'*') EmployeesAndthiersalaries
  2  from employees;
select last_name|| to_char(salary,'*') EmployeesAndthiersalaries
                                  *
ERROR at line 1:
ORA-01481: invalid number format model 


SQL> ed
Wrote file afiedt.buf

  1  select last_name|| to_char(salary,'*') Employees_And_their_salaries
  2* from employees
SQL> /
select last_name|| to_char(salary,'*') Employees_And_their_salaries
                                  *
ERROR at line 1:
ORA-01481: invalid number format model 


SQL> select comcat(last_name,to_char(salary,'*')) EmployeesAndthiersalaries
  2  from employees;
select comcat(last_name,to_char(salary,'*')) EmployeesAndthiersalaries
       *
ERROR at line 1:
ORA-00904: "COMCAT": invalid identifier 


SQL> ed
Wrote file afiedt.buf

  1  select concat(last_name,to_char(salary,'*')) EmployeesAndthiersalaries
  2* from employees
SQL> /
select concat(last_name,to_char(salary,'*')) EmployeesAndthiersalaries
                                       *
ERROR at line 1:
ORA-01481: invalid number format model 


SQL> select comcat(last_name,replace(salary,'*')) EmployeesAndthiersalaries
  2  from employees;
select comcat(last_name,replace(salary,'*')) EmployeesAndthiersalaries
       *
ERROR at line 1:
ORA-00904: "COMCAT": invalid identifier 


SQL> ed
Wrote file afiedt.buf

  1  select concat(last_name,replace(salary,'*')) EmployeesAndthiersalaries
  2* from employees
SQL> /

EMPLOYEESANDTHIERSALARIES                                                       
-----------------------------------------------------------------               
King24000                                                                       
Kochhar17000                                                                    
De Haan17000                                                                    
Hunold9000                                                                      
Ernst6000                                                                       
Austin4800                                                                      
Pataballa4800                                                                   
Lorentz4200                                                                     
Greenberg12008                                                                  
Faviet9000                                                                      
Chen8200                                                                        

EMPLOYEESANDTHIERSALARIES                                                       
-----------------------------------------------------------------               
Sciarra7700                                                                     
Urman7800                                                                       
Popp6900                                                                        
Raphaely11000                                                                   
Khoo3100                                                                        
Baida2900                                                                       
Tobias2800                                                                      
Himuro2600                                                                      
Colmenares2500                                                                  
Weiss8000                                                                       
Fripp8200                                                                       

EMPLOYEESANDTHIERSALARIES                                                       
-----------------------------------------------------------------               
Kaufling7900                                                                    
Vollman6500                                                                     
Mourgos5800                                                                     
Nayer3200                                                                       
Mikkilineni2700                                                                 
Landry2400                                                                      
Markle2200                                                                      
Bissot3300                                                                      
Atkinson2800                                                                    
Marlow2500                                                                      
Olson2100                                                                       

EMPLOYEESANDTHIERSALARIES                                                       
-----------------------------------------------------------------               
Mallin3300                                                                      
Rogers2900                                                                      
Gee2400                                                                         
Philtanker2200                                                                  
Ladwig3600                                                                      
Stiles3200                                                                      
Seo2700                                                                         
Patel2500                                                                       
Rajs3500                                                                        
Davies3100                                                                      
Matos2600                                                                       

EMPLOYEESANDTHIERSALARIES                                                       
-----------------------------------------------------------------               
Vargas2500                                                                      
Russell14000                                                                    
Partners13500                                                                   
Errazuriz12000                                                                  
Cambrault11000                                                                  
Zlotkey10500                                                                    
Tucker10000                                                                     
Bernstein9500                                                                   
Hall9000                                                                        
Olsen8000                                                                       
Cambrault7500                                                                   

EMPLOYEESANDTHIERSALARIES                                                       
-----------------------------------------------------------------               
Tuvault7000                                                                     
King10000                                                                       
Sully9500                                                                       
McEwen9000                                                                      
Smith8000                                                                       
Doran7500                                                                       
Sewall7000                                                                      
Vishney10500                                                                    
Greene9500                                                                      
Marvins7200                                                                     
Lee6800                                                                         

EMPLOYEESANDTHIERSALARIES                                                       
-----------------------------------------------------------------               
Ande6400                                                                        
Banda6200                                                                       
Ozer11500                                                                       
Bloom10000                                                                      
Fox9600                                                                         
Smith7400                                                                       
Bates7300                                                                       
Kumar6100                                                                       
Abel11000                                                                       
Hutton8800                                                                      
Taylor8600                                                                      

EMPLOYEESANDTHIERSALARIES                                                       
-----------------------------------------------------------------               
Livingston8400                                                                  
Grant7000                                                                       
Johnson6200                                                                     
Taylor3200                                                                      
Fleaur3100                                                                      
Sullivan2500                                                                    
Geoni2800                                                                       
Sarchand4200                                                                    
Bull4100                                                                        
Dellinger3400                                                                   
Cabrio3000                                                                      

EMPLOYEESANDTHIERSALARIES                                                       
-----------------------------------------------------------------               
Chung3800                                                                       
Dilly3600                                                                       
Gates2900                                                                       
Perkins2500                                                                     
Bell4000                                                                        
Everett3900                                                                     
McCain3200                                                                      
Jones2800                                                                       
Walsh3100                                                                       
Feeney3000                                                                      
OConnell2600                                                                    

EMPLOYEESANDTHIERSALARIES                                                       
-----------------------------------------------------------------               
Grant2600                                                                       
Whalen4400                                                                      
Hartstein13000                                                                  
Fay6000                                                                         
Mavris6500                                                                      
Baer10000                                                                       
Higgins12008                                                                    
Gietz8300                                                                       

107 rows selected.

SQL> select last_name, round((sysdate-hire_date)/52) Worked_weeks
  2  from employees
  3  where department_id=90;

LAST_NAME                 WORKED_WEEKS                                          
------------------------- ------------                                          
King                               116                                          
Kochhar                            100                                          
De Haan                            133  
--------------------------------------------------------------------------------
4 CONVERSION FUNCTIONS AND CONDITIONAL EXPRESSIONS
--------------------------------------------------------------------------------
                                       

SQL> select last_name|| 'earns' ||salary||'monthly but wants'||salary*3 as "Dream_salaries"
  2  from employees;

Dream_salaries                                                                  
--------------------------------------------------------------------------------
Kingearns24000monthly but wants72000                                            
Kochharearns17000monthly but wants51000                                         
De Haanearns17000monthly but wants51000                                         
Hunoldearns9000monthly but wants27000                                           
Ernstearns6000monthly but wants18000                                            
Austinearns4800monthly but wants14400                                           
Pataballaearns4800monthly but wants14400                                        
Lorentzearns4200monthly but wants12600                                          
Greenbergearns12008monthly but wants36024                                       
Favietearns9000monthly but wants27000                                           
Chenearns8200monthly but wants24600                                             

Dream_salaries                                                                  
--------------------------------------------------------------------------------
Sciarraearns7700monthly but wants23100                                          
Urmanearns7800monthly but wants23400                                            
Poppearns6900monthly but wants20700                                             
Raphaelyearns11000monthly but wants33000                                        
Khooearns3100monthly but wants9300                                              
Baidaearns2900monthly but wants8700                                             
Tobiasearns2800monthly but wants8400                                            
Himuroearns2600monthly but wants7800                                            
Colmenaresearns2500monthly but wants7500                                        
Weissearns8000monthly but wants24000                                            
Frippearns8200monthly but wants24600                                            

Dream_salaries                                                                  
--------------------------------------------------------------------------------
Kauflingearns7900monthly but wants23700                                         
Vollmanearns6500monthly but wants19500                                          
Mourgosearns5800monthly but wants17400                                          
Nayerearns3200monthly but wants9600                                             
Mikkilineniearns2700monthly but wants8100                                       
Landryearns2400monthly but wants7200                                            
Markleearns2200monthly but wants6600                                            
Bissotearns3300monthly but wants9900                                            
Atkinsonearns2800monthly but wants8400                                          
Marlowearns2500monthly but wants7500                                            
Olsonearns2100monthly but wants6300                                             

Dream_salaries                                                                  
--------------------------------------------------------------------------------
Mallinearns3300monthly but wants9900                                            
Rogersearns2900monthly but wants8700                                            
Geeearns2400monthly but wants7200                                               
Philtankerearns2200monthly but wants6600                                        
Ladwigearns3600monthly but wants10800                                           
Stilesearns3200monthly but wants9600                                            
Seoearns2700monthly but wants8100                                               
Patelearns2500monthly but wants7500                                             
Rajsearns3500monthly but wants10500                                             
Daviesearns3100monthly but wants9300                                            
Matosearns2600monthly but wants7800                                             

Dream_salaries                                                                  
--------------------------------------------------------------------------------
Vargasearns2500monthly but wants7500                                            
Russellearns14000monthly but wants42000                                         
Partnersearns13500monthly but wants40500                                        
Errazurizearns12000monthly but wants36000                                       
Cambraultearns11000monthly but wants33000                                       
Zlotkeyearns10500monthly but wants31500                                         
Tuckerearns10000monthly but wants30000                                          
Bernsteinearns9500monthly but wants28500                                        
Hallearns9000monthly but wants27000                                             
Olsenearns8000monthly but wants24000                                            
Cambraultearns7500monthly but wants22500                                        

Dream_salaries                                                                  
--------------------------------------------------------------------------------
Tuvaultearns7000monthly but wants21000                                          
Kingearns10000monthly but wants30000                                            
Sullyearns9500monthly but wants28500                                            
McEwenearns9000monthly but wants27000                                           
Smithearns8000monthly but wants24000                                            
Doranearns7500monthly but wants22500                                            
Sewallearns7000monthly but wants21000                                           
Vishneyearns10500monthly but wants31500                                         
Greeneearns9500monthly but wants28500                                           
Marvinsearns7200monthly but wants21600                                          
Leeearns6800monthly but wants20400                                              

Dream_salaries                                                                  
--------------------------------------------------------------------------------
Andeearns6400monthly but wants19200                                             
Bandaearns6200monthly but wants18600                                            
Ozerearns11500monthly but wants34500                                            
Bloomearns10000monthly but wants30000                                           
Foxearns9600monthly but wants28800                                              
Smithearns7400monthly but wants22200                                            
Batesearns7300monthly but wants21900                                            
Kumarearns6100monthly but wants18300                                            
Abelearns11000monthly but wants33000                                            
Huttonearns8800monthly but wants26400                                           
Taylorearns8600monthly but wants25800                                           

Dream_salaries                                                                  
--------------------------------------------------------------------------------
Livingstonearns8400monthly but wants25200                                       
Grantearns7000monthly but wants21000                                            
Johnsonearns6200monthly but wants18600                                          
Taylorearns3200monthly but wants9600                                            
Fleaurearns3100monthly but wants9300                                            
Sullivanearns2500monthly but wants7500                                          
Geoniearns2800monthly but wants8400                                             
Sarchandearns4200monthly but wants12600                                         
Bullearns4100monthly but wants12300                                             
Dellingerearns3400monthly but wants10200                                        
Cabrioearns3000monthly but wants9000                                            

Dream_salaries                                                                  
--------------------------------------------------------------------------------
Chungearns3800monthly but wants11400                                            
Dillyearns3600monthly but wants10800                                            
Gatesearns2900monthly but wants8700                                             
Perkinsearns2500monthly but wants7500                                           
Bellearns4000monthly but wants12000                                             
Everettearns3900monthly but wants11700                                          
McCainearns3200monthly but wants9600                                            
Jonesearns2800monthly but wants8400                                             
Walshearns3100monthly but wants9300                                             
Feeneyearns3000monthly but wants9000                                            
OConnellearns2600monthly but wants7800                                          

Dream_salaries                                                                  
--------------------------------------------------------------------------------
Grantearns2600monthly but wants7800                                             
Whalenearns4400monthly but wants13200                                           
Hartsteinearns13000monthly but wants39000                                       
Fayearns6000monthly but wants18000                                              
Mavrisearns6500monthly but wants19500                                           
Baerearns10000monthly but wants30000                                            
Higginsearns12008monthly but wants36024                                         
Gietzearns8300monthly but wants24900                                            

107 rows selected.

SQL> ed
Wrote file afiedt.buf

  1  select last_name||  'earns'  ||salary|| 'monthly but wants' ||salary*3 as "Dream_salaries"
  2* from employees
SQL> /

Dream_salaries                                                                  
--------------------------------------------------------------------------------
Kingearns24000monthly but wants72000                                            
Kochharearns17000monthly but wants51000                                         
De Haanearns17000monthly but wants51000                                         
Hunoldearns9000monthly but wants27000                                           
Ernstearns6000monthly but wants18000                                            
Austinearns4800monthly but wants14400                                           
Pataballaearns4800monthly but wants14400                                        
Lorentzearns4200monthly but wants12600                                          
Greenbergearns12008monthly but wants36024                                       
Favietearns9000monthly but wants27000                                           
Chenearns8200monthly but wants24600                                             

Dream_salaries                                                                  
--------------------------------------------------------------------------------
Sciarraearns7700monthly but wants23100                                          
Urmanearns7800monthly but wants23400                                            
Poppearns6900monthly but wants20700                                             
Raphaelyearns11000monthly but wants33000                                        
Khooearns3100monthly but wants9300                                              
Baidaearns2900monthly but wants8700                                             
Tobiasearns2800monthly but wants8400                                            
Himuroearns2600monthly but wants7800                                            
Colmenaresearns2500monthly but wants7500                                        
Weissearns8000monthly but wants24000                                            
Frippearns8200monthly but wants24600                                            

Dream_salaries                                                                  
--------------------------------------------------------------------------------
Kauflingearns7900monthly but wants23700                                         
Vollmanearns6500monthly but wants19500                                          
Mourgosearns5800monthly but wants17400                                          
Nayerearns3200monthly but wants9600                                             
Mikkilineniearns2700monthly but wants8100                                       
Landryearns2400monthly but wants7200                                            
Markleearns2200monthly but wants6600                                            
Bissotearns3300monthly but wants9900                                            
Atkinsonearns2800monthly but wants8400                                          
Marlowearns2500monthly but wants7500                                            
Olsonearns2100monthly but wants6300                                             

Dream_salaries                                                                  
--------------------------------------------------------------------------------
Mallinearns3300monthly but wants9900                                            
Rogersearns2900monthly but wants8700                                            
Geeearns2400monthly but wants7200                                               
Philtankerearns2200monthly but wants6600                                        
Ladwigearns3600monthly but wants10800                                           
Stilesearns3200monthly but wants9600                                            
Seoearns2700monthly but wants8100                                               
Patelearns2500monthly but wants7500                                             
Rajsearns3500monthly but wants10500                                             
Daviesearns3100monthly but wants9300                                            
Matosearns2600monthly but wants7800                                             

Dream_salaries                                                                  
--------------------------------------------------------------------------------
Vargasearns2500monthly but wants7500                                            
Russellearns14000monthly but wants42000                                         
Partnersearns13500monthly but wants40500                                        
Errazurizearns12000monthly but wants36000                                       
Cambraultearns11000monthly but wants33000                                       
Zlotkeyearns10500monthly but wants31500                                         
Tuckerearns10000monthly but wants30000                                          
Bernsteinearns9500monthly but wants28500                                        
Hallearns9000monthly but wants27000                                             
Olsenearns8000monthly but wants24000                                            
Cambraultearns7500monthly but wants22500                                        

Dream_salaries                                                                  
--------------------------------------------------------------------------------
Tuvaultearns7000monthly but wants21000                                          
Kingearns10000monthly but wants30000                                            
Sullyearns9500monthly but wants28500                                            
McEwenearns9000monthly but wants27000                                           
Smithearns8000monthly but wants24000                                            
Doranearns7500monthly but wants22500                                            
Sewallearns7000monthly but wants21000                                           
Vishneyearns10500monthly but wants31500                                         
Greeneearns9500monthly but wants28500                                           
Marvinsearns7200monthly but wants21600                                          
Leeearns6800monthly but wants20400                                              

Dream_salaries                                                                  
--------------------------------------------------------------------------------
Andeearns6400monthly but wants19200                                             
Bandaearns6200monthly but wants18600                                            
Ozerearns11500monthly but wants34500                                            
Bloomearns10000monthly but wants30000                                           
Foxearns9600monthly but wants28800                                              
Smithearns7400monthly but wants22200                                            
Batesearns7300monthly but wants21900                                            
Kumarearns6100monthly but wants18300                                            
Abelearns11000monthly but wants33000                                            
Huttonearns8800monthly but wants26400                                           
Taylorearns8600monthly but wants25800                                           

Dream_salaries                                                                  
--------------------------------------------------------------------------------
Livingstonearns8400monthly but wants25200                                       
Grantearns7000monthly but wants21000                                            
Johnsonearns6200monthly but wants18600                                          
Taylorearns3200monthly but wants9600                                            
Fleaurearns3100monthly but wants9300                                            
Sullivanearns2500monthly but wants7500                                          
Geoniearns2800monthly but wants8400                                             
Sarchandearns4200monthly but wants12600                                         
Bullearns4100monthly but wants12300                                             
Dellingerearns3400monthly but wants10200                                        
Cabrioearns3000monthly but wants9000                                            

Dream_salaries                                                                  
--------------------------------------------------------------------------------
Chungearns3800monthly but wants11400                                            
Dillyearns3600monthly but wants10800                                            
Gatesearns2900monthly but wants8700                                             
Perkinsearns2500monthly but wants7500                                           
Bellearns4000monthly but wants12000                                             
Everettearns3900monthly but wants11700                                          
McCainearns3200monthly but wants9600                                            
Jonesearns2800monthly but wants8400                                             
Walshearns3100monthly but wants9300                                             
Feeneyearns3000monthly but wants9000                                            
OConnellearns2600monthly but wants7800                                          

Dream_salaries                                                                  
--------------------------------------------------------------------------------
Grantearns2600monthly but wants7800                                             
Whalenearns4400monthly but wants13200                                           
Hartsteinearns13000monthly but wants39000                                       
Fayearns6000monthly but wants18000                                              
Mavrisearns6500monthly but wants19500                                           
Baerearns10000monthly but wants30000                                            
Higginsearns12008monthly but wants36024                                         
Gietzearns8300monthly but wants24900                                            

107 rows selected.

SQL> select last_name,hire_date, salary_review_date(day,'fmddspth "of"month,yyyy') as "Review"
  2  from employees;
select last_name,hire_date, salary_review_date(day,'fmddspth "of"month,yyyy') as "Review"
                            *
ERROR at line 1:
ORA-00904: "SALARY_REVIEW_DATE": invalid identifier 


SQL> ed
Wrote file afiedt.buf

  1  select last_name,hire_date, salaryreviewdate(day,'fmddspth "of"month,yyyy') as "Review"
  2* from employees
SQL> /
select last_name,hire_date, salaryreviewdate(day,'fmddspth "of"month,yyyy') as "Review"
                            *
ERROR at line 1:
ORA-00904: "SALARYREVIEWDATE": invalid identifier 


SQL> ed
Wrote file afiedt.buf

  1  select last_name,hire_date, to_char(day,'fmddspth "of"month,yyyy') as "Review"
  2* from employees
SQL> /
select last_name,hire_date, to_char(day,'fmddspth "of"month,yyyy') as "Review"
                                    *
ERROR at line 1:
ORA-00904: "DAY": invalid identifier 


SQL> ed
Wrote file afiedt.buf

  1  select last_name,hire_date, to_char((hire_date+6months),(day,'fmddspth "of"month,yyyy')) as "Review"
  2* from employees
SQL> /
select last_name,hire_date, to_char((hire_date+6months),(day,'fmddspth "of"month,yyyy')) as "Review"
                                                *
ERROR at line 1:
ORA-00907: missing right parenthesis 


SQL> select last_name, hire_date,to_char(hire_date,'fmDAY "of"hire_date') as "DAY"
  2  from employees;
select last_name, hire_date,to_char(hire_date,'fmDAY "of"hire_date') as "DAY"
                                              *
ERROR at line 1:
ORA-01821: date format not recognized 


SQL> ed
Wrote file afiedt.buf

  1  select last_name, hire_date,to_char(hire_date,'fmDAY "of"mon yyyy') as "DAY"
  2* from employees
SQL> /

LAST_NAME                 HIRE_DATE DAY                                         
------------------------- --------- --------------------                        
King                      17-JUN-03 TUESDAY ofjun 2003                          
Kochhar                   21-SEP-05 WEDNESDAY ofsep 2005                        
De Haan                   13-JAN-01 SATURDAY ofjan 2001                         
Hunold                    03-JAN-06 TUESDAY ofjan 2006                          
Ernst                     21-MAY-07 MONDAY ofmay 2007                           
Austin                    25-JUN-05 SATURDAY ofjun 2005                         
Pataballa                 05-FEB-06 SUNDAY offeb 2006                           
Lorentz                   07-FEB-07 WEDNESDAY offeb 2007                        
Greenberg                 17-AUG-02 SATURDAY ofaug 2002                         
Faviet                    16-AUG-02 FRIDAY ofaug 2002                           
Chen                      28-SEP-05 WEDNESDAY ofsep 2005                        

LAST_NAME                 HIRE_DATE DAY                                         
------------------------- --------- --------------------                        
Sciarra                   30-SEP-05 FRIDAY ofsep 2005                           
Urman                     07-MAR-06 TUESDAY ofmar 2006                          
Popp                      07-DEC-07 FRIDAY ofdec 2007                           
Raphaely                  07-DEC-02 SATURDAY ofdec 2002                         
Khoo                      18-MAY-03 SUNDAY ofmay 2003                           
Baida                     24-DEC-05 SATURDAY ofdec 2005                         
Tobias                    24-JUL-05 SUNDAY ofjul 2005                           
Himuro                    15-NOV-06 WEDNESDAY ofnov 2006                        
Colmenares                10-AUG-07 FRIDAY ofaug 2007                           
Weiss                     18-JUL-04 SUNDAY ofjul 2004                           
Fripp                     10-APR-05 SUNDAY ofapr 2005                           

LAST_NAME                 HIRE_DATE DAY                                         
------------------------- --------- --------------------                        
Kaufling                  01-MAY-03 THURSDAY ofmay 2003                         
Vollman                   10-OCT-05 MONDAY ofoct 2005                           
Mourgos                   16-NOV-07 FRIDAY ofnov 2007                           
Nayer                     16-JUL-05 SATURDAY ofjul 2005                         
Mikkilineni               28-SEP-06 THURSDAY ofsep 2006                         
Landry                    14-JAN-07 SUNDAY ofjan 2007                           
Markle                    08-MAR-08 SATURDAY ofmar 2008                         
Bissot                    20-AUG-05 SATURDAY ofaug 2005                         
Atkinson                  30-OCT-05 SUNDAY ofoct 2005                           
Marlow                    16-FEB-05 WEDNESDAY offeb 2005                        
Olson                     10-APR-07 TUESDAY ofapr 2007                          

LAST_NAME                 HIRE_DATE DAY                                         
------------------------- --------- --------------------                        
Mallin                    14-JUN-04 MONDAY ofjun 2004                           
Rogers                    26-AUG-06 SATURDAY ofaug 2006                         
Gee                       12-DEC-07 WEDNESDAY ofdec 2007                        
Philtanker                06-FEB-08 WEDNESDAY offeb 2008                        
Ladwig                    14-JUL-03 MONDAY ofjul 2003                           
Stiles                    26-OCT-05 WEDNESDAY ofoct 2005                        
Seo                       12-FEB-06 SUNDAY offeb 2006                           
Patel                     06-APR-06 THURSDAY ofapr 2006                         
Rajs                      17-OCT-03 FRIDAY ofoct 2003                           
Davies                    29-JAN-05 SATURDAY ofjan 2005                         
Matos                     15-MAR-06 WEDNESDAY ofmar 2006                        

LAST_NAME                 HIRE_DATE DAY                                         
------------------------- --------- --------------------                        
Vargas                    09-JUL-06 SUNDAY ofjul 2006                           
Russell                   01-OCT-04 FRIDAY ofoct 2004                           
Partners                  05-JAN-05 WEDNESDAY ofjan 2005                        
Errazuriz                 10-MAR-05 THURSDAY ofmar 2005                         
Cambrault                 15-OCT-07 MONDAY ofoct 2007                           
Zlotkey                   29-JAN-08 TUESDAY ofjan 2008                          
Tucker                    30-JAN-05 SUNDAY ofjan 2005                           
Bernstein                 24-MAR-05 THURSDAY ofmar 2005                         
Hall                      20-AUG-05 SATURDAY ofaug 2005                         
Olsen                     30-MAR-06 THURSDAY ofmar 2006                         
Cambrault                 09-DEC-06 SATURDAY ofdec 2006                         

LAST_NAME                 HIRE_DATE DAY                                         
------------------------- --------- --------------------                        
Tuvault                   23-NOV-07 FRIDAY ofnov 2007                           
King                      30-JAN-04 FRIDAY ofjan 2004                           
Sully                     04-MAR-04 THURSDAY ofmar 2004                         
McEwen                    01-AUG-04 SUNDAY ofaug 2004                           
Smith                     10-MAR-05 THURSDAY ofmar 2005                         
Doran                     15-DEC-05 THURSDAY ofdec 2005                         
Sewall                    03-NOV-06 FRIDAY ofnov 2006                           
Vishney                   11-NOV-05 FRIDAY ofnov 2005                           
Greene                    19-MAR-07 MONDAY ofmar 2007                           
Marvins                   24-JAN-08 THURSDAY ofjan 2008                         
Lee                       23-FEB-08 SATURDAY offeb 2008                         

LAST_NAME                 HIRE_DATE DAY                                         
------------------------- --------- --------------------                        
Ande                      24-MAR-08 MONDAY ofmar 2008                           
Banda                     21-APR-08 MONDAY ofapr 2008                           
Ozer                      11-MAR-05 FRIDAY ofmar 2005                           
Bloom                     23-MAR-06 THURSDAY ofmar 2006                         
Fox                       24-JAN-06 TUESDAY ofjan 2006                          
Smith                     23-FEB-07 FRIDAY offeb 2007                           
Bates                     24-MAR-07 SATURDAY ofmar 2007                         
Kumar                     21-APR-08 MONDAY ofapr 2008                           
Abel                      11-MAY-04 TUESDAY ofmay 2004                          
Hutton                    19-MAR-05 SATURDAY ofmar 2005                         
Taylor                    24-MAR-06 FRIDAY ofmar 2006                           

LAST_NAME                 HIRE_DATE DAY                                         
------------------------- --------- --------------------                        
Livingston                23-APR-06 SUNDAY ofapr 2006                           
Grant                     24-MAY-07 THURSDAY ofmay 2007                         
Johnson                   04-JAN-08 FRIDAY ofjan 2008                           
Taylor                    24-JAN-06 TUESDAY ofjan 2006                          
Fleaur                    23-FEB-06 THURSDAY offeb 2006                         
Sullivan                  21-JUN-07 THURSDAY ofjun 2007                         
Geoni                     03-FEB-08 SUNDAY offeb 2008                           
Sarchand                  27-JAN-04 TUESDAY ofjan 2004                          
Bull                      20-FEB-05 SUNDAY offeb 2005                           
Dellinger                 24-JUN-06 SATURDAY ofjun 2006                         
Cabrio                    07-FEB-07 WEDNESDAY offeb 2007                        

LAST_NAME                 HIRE_DATE DAY                                         
------------------------- --------- --------------------                        
Chung                     14-JUN-05 TUESDAY ofjun 2005                          
Dilly                     13-AUG-05 SATURDAY ofaug 2005                         
Gates                     11-JUL-06 TUESDAY ofjul 2006                          
Perkins                   19-DEC-07 WEDNESDAY ofdec 2007                        
Bell                      04-FEB-04 WEDNESDAY offeb 2004                        
Everett                   03-MAR-05 THURSDAY ofmar 2005                         
McCain                    01-JUL-06 SATURDAY ofjul 2006                         
Jones                     17-MAR-07 SATURDAY ofmar 2007                         
Walsh                     24-APR-06 MONDAY ofapr 2006                           
Feeney                    23-MAY-06 TUESDAY ofmay 2006                          
OConnell                  21-JUN-07 THURSDAY ofjun 2007                         

LAST_NAME                 HIRE_DATE DAY                                         
------------------------- --------- --------------------                        
Grant                     13-JAN-08 SUNDAY ofjan 2008                           
Whalen                    17-SEP-03 WEDNESDAY ofsep 2003                        
Hartstein                 17-FEB-04 TUESDAY offeb 2004                          
Fay                       17-AUG-05 WEDNESDAY ofaug 2005                        
Mavris                    07-JUN-02 FRIDAY ofjun 2002                           
Baer                      07-JUN-02 FRIDAY ofjun 2002                           
Higgins                   07-JUN-02 FRIDAY ofjun 2002                           
Gietz                     07-JUN-02 FRIDAY ofjun 2002                           

107 rows selected.

SQL> SELECT last_name, salary, NVL(commission_pct, 0),
  2  as "COMM"
  3  from employees;
as "COMM"
*
ERROR at line 2:
ORA-00936: missing expression 


SQL> SELECT last_name, salary, NVL(commission_pct, 0) as "COMM"
  2  from employees;

LAST_NAME                     SALARY       COMM                                 
------------------------- ---------- ----------                                 
King                           24000          0                                 
Kochhar                        17000          0                                 
De Haan                        17000          0                                 
Hunold                          9000          0                                 
Ernst                           6000          0                                 
Austin                          4800          0                                 
Pataballa                       4800          0                                 
Lorentz                         4200          0                                 
Greenberg                      12008          0                                 
Faviet                          9000          0                                 
Chen                            8200          0                                 

LAST_NAME                     SALARY       COMM                                 
------------------------- ---------- ----------                                 
Sciarra                         7700          0                                 
Urman                           7800          0                                 
Popp                            6900          0                                 
Raphaely                       11000          0                                 
Khoo                            3100          0                                 
Baida                           2900          0                                 
Tobias                          2800          0                                 
Himuro                          2600          0                                 
Colmenares                      2500          0                                 
Weiss                           8000          0                                 
Fripp                           8200          0                                 

LAST_NAME                     SALARY       COMM                                 
------------------------- ---------- ----------                                 
Kaufling                        7900          0                                 
Vollman                         6500          0                                 
Mourgos                         5800          0                                 
Nayer                           3200          0                                 
Mikkilineni                     2700          0                                 
Landry                          2400          0                                 
Markle                          2200          0                                 
Bissot                          3300          0                                 
Atkinson                        2800          0                                 
Marlow                          2500          0                                 
Olson                           2100          0                                 

LAST_NAME                     SALARY       COMM                                 
------------------------- ---------- ----------                                 
Mallin                          3300          0                                 
Rogers                          2900          0                                 
Gee                             2400          0                                 
Philtanker                      2200          0                                 
Ladwig                          3600          0                                 
Stiles                          3200          0                                 
Seo                             2700          0                                 
Patel                           2500          0                                 
Rajs                            3500          0                                 
Davies                          3100          0                                 
Matos                           2600          0                                 

LAST_NAME                     SALARY       COMM                                 
------------------------- ---------- ----------                                 
Vargas                          2500          0                                 
Russell                        14000         .4                                 
Partners                       13500         .3                                 
Errazuriz                      12000         .3                                 
Cambrault                      11000         .3                                 
Zlotkey                        10500         .2                                 
Tucker                         10000         .3                                 
Bernstein                       9500        .25                                 
Hall                            9000        .25                                 
Olsen                           8000         .2                                 
Cambrault                       7500         .2                                 

LAST_NAME                     SALARY       COMM                                 
------------------------- ---------- ----------                                 
Tuvault                         7000        .15                                 
King                           10000        .35                                 
Sully                           9500        .35                                 
McEwen                          9000        .35                                 
Smith                           8000         .3                                 
Doran                           7500         .3                                 
Sewall                          7000        .25                                 
Vishney                        10500        .25                                 
Greene                          9500        .15                                 
Marvins                         7200         .1                                 
Lee                             6800         .1                                 

LAST_NAME                     SALARY       COMM                                 
------------------------- ---------- ----------                                 
Ande                            6400         .1                                 
Banda                           6200         .1                                 
Ozer                           11500        .25                                 
Bloom                          10000         .2                                 
Fox                             9600         .2                                 
Smith                           7400        .15                                 
Bates                           7300        .15                                 
Kumar                           6100         .1                                 
Abel                           11000         .3                                 
Hutton                          8800        .25                                 
Taylor                          8600         .2                                 

LAST_NAME                     SALARY       COMM                                 
------------------------- ---------- ----------                                 
Livingston                      8400         .2                                 
Grant                           7000        .15                                 
Johnson                         6200         .1                                 
Taylor                          3200          0                                 
Fleaur                          3100          0                                 
Sullivan                        2500          0                                 
Geoni                           2800          0                                 
Sarchand                        4200          0                                 
Bull                            4100          0                                 
Dellinger                       3400          0                                 
Cabrio                          3000          0                                 

LAST_NAME                     SALARY       COMM                                 
------------------------- ---------- ----------                                 
Chung                           3800          0                                 
Dilly                           3600          0                                 
Gates                           2900          0                                 
Perkins                         2500          0                                 
Bell                            4000          0                                 
Everett                         3900          0                                 
McCain                          3200          0                                 
Jones                           2800          0                                 
Walsh                           3100          0                                 
Feeney                          3000          0                                 
OConnell                        2600          0                                 

LAST_NAME                     SALARY       COMM                                 
------------------------- ---------- ----------                                 
Grant                           2600          0                                 
Whalen                          4400          0                                 
Hartstein                      13000          0                                 
Fay                             6000          0                                 
Mavris                          6500          0                                 
Baer                           10000          0                                 
Higgins                        12008          0                                 
Gietz                           8300          0                                 

107 rows selected.

SQL> SELECT last_name, salary, NVL(commission_pct, no commission) as "COMM"
  2  from employees;
SELECT last_name, salary, NVL(commission_pct, no commission) as "COMM"
                                                 *
ERROR at line 1:
ORA-00907: missing right parenthesis 


SQL> ed
Wrote file afiedt.buf

  1  SELECT last_name, salary, NVL(commission_pct,' no commission') as "COMM"
  2* from employees
SQL> /
SELECT last_name, salary, NVL(commission_pct,' no commission') as "COMM"
                                             *
ERROR at line 1:
ORA-01722: invalid number 


SQL> select job_id,
  2  decode(job_id,'AD_PRES', A,
  3                'ST_MAN', B,
  4                'IT_PROG'', C,
  5                'SA_REP', D,
  6                'ST_CLERK', E,
  7         none of the above 0)
  8  RANK
  9  from employees;
ERROR:
ORA-01756: quoted string not properly terminated 


SQL> ed
Wrote file afiedt.buf

  1  select job_id,
  2  decode(job_id,'AD_PRES', A,
  3                'ST_MAN', B,
  4                'IT_PROG', C,
  5                'SA_REP', D,
  6                'ST_CLERK', E,
  7         none of the above 0)
  8  RANK
  9* from employees
SQL> /
       none of the above 0)
            *
ERROR at line 7:
ORA-00907: missing right parenthesis 


SQL> ed
Wrote file afiedt.buf

  1  select job_id,
  2  decode(job_id,'AD_PRES', A,
  3                'ST_MAN', B,
  4                'IT_PROG', C,
  5                'SA_REP', D,
  6                'ST_CLERK', E,
  7         none of the above)
  8  RANK
  9* from employees
SQL> /
       none of the above)
            *
ERROR at line 7:
ORA-00907: missing right parenthesis 


SQL> ed
Wrote file afiedt.buf

  1  select job_id,
  2  decode(job_id,'AD_PRES', A,
  3                'ST_MAN', B,
  4                'IT_PROG', C,
  5                'SA_REP', D,
  6                'ST_CLERK', E,
  7         0)
  8  RANK
  9* from employees
SQL> /
              'ST_CLERK', E,
                          *
ERROR at line 6:
ORA-00904: "E": invalid identifier 


SQL> ed
Wrote file afiedt.buf

  1  select job_id,
  2  decode(job_id,'AD_PRES', 'A',
  3                'ST_MAN', 'B',
  4                'IT_PROG', 'C',
  5                'SA_REP', 'D',
  6                'ST_CLERK', 'E',
  7         0)
  8  RANK
  9* from employees
SQL> /

JOB_ID     R                                                                    
---------- -                                                                    
AC_ACCOUNT 0                                                                    
AC_MGR     0                                                                    
AD_ASST    0                                                                    
AD_PRES    A                                                                    
AD_VP      0                                                                    
AD_VP      0                                                                    
FI_ACCOUNT 0                                                                    
FI_ACCOUNT 0                                                                    
FI_ACCOUNT 0                                                                    
FI_ACCOUNT 0                                                                    
FI_ACCOUNT 0                                                                    

JOB_ID     R                                                                    
---------- -                                                                    
FI_MGR     0                                                                    
HR_REP     0                                                                    
IT_PROG    C                                                                    
IT_PROG    C                                                                    
IT_PROG    C                                                                    
IT_PROG    C                                                                    
IT_PROG    C                                                                    
MK_MAN     0                                                                    
MK_REP     0                                                                    
PR_REP     0                                                                    
PU_CLERK   0                                                                    

JOB_ID     R                                                                    
---------- -                                                                    
PU_CLERK   0                                                                    
PU_CLERK   0                                                                    
PU_CLERK   0                                                                    
PU_CLERK   0                                                                    
PU_MAN     0                                                                    
SA_MAN     0                                                                    
SA_MAN     0                                                                    
SA_MAN     0                                                                    
SA_MAN     0                                                                    
SA_MAN     0                                                                    
SA_REP     D                                                                    

JOB_ID     R                                                                    
---------- -                                                                    
SA_REP     D                                                                    
SA_REP     D                                                                    
SA_REP     D                                                                    
SA_REP     D                                                                    
SA_REP     D                                                                    
SA_REP     D                                                                    
SA_REP     D                                                                    
SA_REP     D                                                                    
SA_REP     D                                                                    
SA_REP     D                                                                    
SA_REP     D                                                                    

JOB_ID     R                                                                    
---------- -                                                                    
SA_REP     D                                                                    
SA_REP     D                                                                    
SA_REP     D                                                                    
SA_REP     D                                                                    
SA_REP     D                                                                    
SA_REP     D                                                                    
SA_REP     D                                                                    
SA_REP     D                                                                    
SA_REP     D                                                                    
SA_REP     D                                                                    
SA_REP     D                                                                    

JOB_ID     R                                                                    
---------- -                                                                    
SA_REP     D                                                                    
SA_REP     D                                                                    
SA_REP     D                                                                    
SA_REP     D                                                                    
SA_REP     D                                                                    
SA_REP     D                                                                    
SA_REP     D                                                                    
SH_CLERK   0                                                                    
SH_CLERK   0                                                                    
SH_CLERK   0                                                                    
SH_CLERK   0                                                                    

JOB_ID     R                                                                    
---------- -                                                                    
SH_CLERK   0                                                                    
SH_CLERK   0                                                                    
SH_CLERK   0                                                                    
SH_CLERK   0                                                                    
SH_CLERK   0                                                                    
SH_CLERK   0                                                                    
SH_CLERK   0                                                                    
SH_CLERK   0                                                                    
SH_CLERK   0                                                                    
SH_CLERK   0                                                                    
SH_CLERK   0                                                                    

JOB_ID     R                                                                    
---------- -                                                                    
SH_CLERK   0                                                                    
SH_CLERK   0                                                                    
SH_CLERK   0                                                                    
SH_CLERK   0                                                                    
SH_CLERK   0                                                                    
ST_CLERK   E                                                                    
ST_CLERK   E                                                                    
ST_CLERK   E                                                                    
ST_CLERK   E                                                                    
ST_CLERK   E                                                                    
ST_CLERK   E                                                                    

JOB_ID     R                                                                    
---------- -                                                                    
ST_CLERK   E                                                                    
ST_CLERK   E                                                                    
ST_CLERK   E                                                                    
ST_CLERK   E                                                                    
ST_CLERK   E                                                                    
ST_CLERK   E                                                                    
ST_CLERK   E                                                                    
ST_CLERK   E                                                                    
ST_CLERK   E                                                                    
ST_CLERK   E                                                                    
ST_CLERK   E                                                                    

JOB_ID     R                                                                    
---------- -                                                                    
ST_CLERK   E                                                                    
ST_CLERK   E                                                                    
ST_CLERK   E                                                                    
ST_MAN     B                                                                    
ST_MAN     B                                                                    
ST_MAN     B                                                                    
ST_MAN     B                                                                    
ST_MAN     B                                                                    

107 rows selected.

SQL> select job_id,
  2  case job_id when'AD_PRES' then ' A,
  3  c
  4  ;
ERROR:
ORA-01756: quoted string not properly terminated 


SQL> select job_id,
  2  
SQL> ;
  1* select job_id,
SQL> select job_id,
  2  case job_id when'AD_PRES' then 'A'
  3              when 'ST_MAN' then 'B'
  4             when 'IT_PROG' then 'C'
  5              when 'SA_REP' then 'D'
  6              when 'ST_CLERK' then 'E'
  7  else 0 end  RANK
  8  from employees;
else 0 end  RANK
     *
ERROR at line 7:
ORA-00932: inconsistent datatypes: expected CHAR got NUMBER 


SQL> ed
Wrote file afiedt.buf

  1  select job_id,
  2  case job_id when'AD_PRES' then 'A'
  3              when 'ST_MAN' then 'B'
  4             when 'IT_PROG' then 'C'
  5              when 'SA_REP' then 'D'
  6              when 'ST_CLERK' then 'E'
  7  else none end  RANK
  8* from employees
SQL> /
else none end  RANK
     *
ERROR at line 7:
ORA-00904: "NONE": invalid identifier 


SQL> ed
Wrote file afiedt.buf

  1  select job_id,
  2  case job_id when'AD_PRES' then 'A'
  3              when 'ST_MAN' then 'B'
  4             when 'IT_PROG' then 'C'
  5              when 'SA_REP' then 'D'
  6              when 'ST_CLERK' then 'E'
  7  else 0
  8  end  RANK
  9* from employees
SQL> /
else 0
     *
ERROR at line 7:
ORA-00932: inconsistent datatypes: expected CHAR got NUMBER 
--------------------------------------------------------------------------------------------------
5 USING MULTI ROW FUNCTIONS
--------------------------------------------------------------------------------------------------

SQL> select max(salary) as "MAXIMUM",min(salary) as "MINIMUM", round(avg(salary),0) as "AVERAGE",sum(salary) as "SUM"
  2  from employees;

   MAXIMUM    MINIMUM    AVERAGE        SUM                                     
---------- ---------- ---------- ----------                                     
     24000       2100       6462     691416                                     

SQL> select max(salary) as "MAXIMUM",min(salary) as "MINIMUM", round(avg(salary),0) as "AVERAGE",sum(salary) as "SUM",job_type
  2  from employees
  3  group by job_type;
group by job_type
         *
ERROR at line 3:
ORA-00904: "JOB_TYPE": invalid identifier 


SQL> ed
Wrote file afiedt.buf

  1  select max(salary) as "MAXIMUM",min(salary) as "MINIMUM", round(avg(salary),0) as "AVERAGE",sum(salary) as "SUM",job_id
  2  from employees
  3* group by job_id
SQL> /

   MAXIMUM    MINIMUM    AVERAGE        SUM JOB_ID                              
---------- ---------- ---------- ---------- ----------                          
      9000       4200       5760      28800 IT_PROG                             
     12008      12008      12008      12008 AC_MGR                              
      8300       8300       8300       8300 AC_ACCOUNT                          
      8200       5800       7280      36400 ST_MAN                              
     11000      11000      11000      11000 PU_MAN                              
      4400       4400       4400       4400 AD_ASST                             
     17000      17000      17000      34000 AD_VP                               
      4200       2500       3215      64300 SH_CLERK                            
      9000       6900       7920      39600 FI_ACCOUNT                          
     12008      12008      12008      12008 FI_MGR                              
      3100       2500       2780      13900 PU_CLERK                            

   MAXIMUM    MINIMUM    AVERAGE        SUM JOB_ID                              
---------- ---------- ---------- ---------- ----------                          
     14000      10500      12200      61000 SA_MAN                              
     13000      13000      13000      13000 MK_MAN                              
     10000      10000      10000      10000 PR_REP                              
     24000      24000      24000      24000 AD_PRES                             
     11500       6100       8350     250500 SA_REP                              
      6000       6000       6000       6000 MK_REP                              
      3600       2100       2785      55700 ST_CLERK                            
      6500       6500       6500       6500 HR_REP                              

19 rows selected.

SQL> select count(job_id)
  2  from employees;

COUNT(JOB_ID)                                                                   
-------------                                                                   
          107                                                                   

SQL> select count(job_id)
  2  from employees
  3  where job_id='IT_PROG';

COUNT(JOB_ID)                                                                   
-------------                                                                   
            5                                                                   

SQL> spool off
----------------------------------------------------------------------------------------------
6 JOINS
----------------------------------------------------------------------------------------------

